dI/dz, Integral_trapz, Conc.(mol/cm^3), D(cm^2/sec), Time(sec), Position(element), depth(Î¼m), crystal
3.9735407404269036e-07,3.1434271385266607e-15,7.910896965382421e-09,0.0016209702519511422,17.0,1.0,0.6188000000000001,3.0
3.93745847963532e-07,3.058632494515116e-15,7.76803745445057e-09,0.0016011930174728744,17.0,2.0,1.2376000000000003,3.0
3.899807643155872e-07,2.972924986993314e-15,7.623260578533332e-09,0.0015814697438917122,17.0,3.0,1.8564000000000005,3.0
3.8605882309881425e-07,2.8864764568097772e-15,7.476778884732198e-09,0.00156181291525634,17.0,4.0,2.4752000000000005,3.0
3.819800243132548e-07,2.799453524679898e-15,7.328795608390551e-09,0.0015422350156154379,17.0,5.0,3.0940000000000003,3.0
3.7774436795891235e-07,2.7120175911859446e-15,7.17950503362881e-09,0.0015227485290176875,17.0,6.0,3.712800000000001,3.0
3.733518540357567e-07,2.6243248367770894e-15,7.0290928206446036e-09,0.0015033659395117724,17.0,7.0,4.331600000000001,3.0
3.68802482543838e-07,2.5365262217693528e-15,6.877736300128746e-09,0.0014840997311463713,17.0,8.0,4.950400000000001,3.0
3.640962534830844e-07,2.4487674863456667e-15,6.725604734791468e-09,0.0014649623879701688,17.0,9.0,5.5692,3.0
3.592331668535444e-07,2.361189150555815e-15,6.57285954756635e-09,0.0014459663940318461,17.0,10.0,6.188000000000001,3.0
3.542132226552113e-07,2.273926514316491e-15,6.419654515635955e-09,0.0014271242333800847,17.0,11.0,6.8068,3.0
3.4903642088809016e-07,2.1871096574112427e-15,6.266135928870543e-09,0.0014084483900635662,17.0,12.0,7.425600000000002,3.0
3.437027615521641e-07,2.100863439490519e-15,6.112442710681186e-09,0.0013899513481309726,17.0,13.0,8.044400000000001,3.0
3.3821224464744673e-07,2.0153075000716405e-15,5.958706498555077e-09,0.0013716455916309856,17.0,14.0,8.663200000000002,3.0
3.3256487017394784e-07,1.930556258538813e-15,5.805051680681236e-09,0.0013535436046122867,17.0,15.0,9.282000000000002,3.0
3.2676063813161074e-07,1.846718914143119e-15,5.651595384017179e-09,0.0013356578711235588,17.0,16.0,9.900800000000002,3.0
3.20799548520509e-07,1.763899446002534e-15,5.49844740785153e-09,0.0013180008752134828,17.0,17.0,10.519600000000002,3.0
3.146816013406024e-07,1.6821966131019003e-15,5.345710095332642e-09,0.0013005851009307413,17.0,18.0,11.1384,3.0
3.084067965919128e-07,1.601703954292939e-15,5.193478133402913e-09,0.0012834230323240147,17.0,19.0,11.757200000000001,3.0
3.0197513427440663e-07,1.5225097882942656e-15,5.041838269076658e-09,0.0012665271534419863,17.0,20.0,12.376000000000001,3.0
2.953866143881157e-07,1.4446972136913708e-15,4.890868926758975e-09,0.0012499099483333372,17.0,21.0,12.9948,3.0
2.8864123693302e-07,1.368344108936619e-15,4.740639707188295e-09,0.0012335839010467497,17.0,22.0,13.6136,3.0
2.817390019091345e-07,1.2935231323492773e-15,4.591210743219925e-09,0.0012175614956309053,17.0,23.0,14.2324,3.0
2.746799093164525e-07,1.2203017221154629e-15,4.4426318806941965e-09,0.0012018552161344855,17.0,24.0,14.851200000000004,3.0
2.6746395915497585e-07,1.1487420962882075e-15,4.294941643418189e-09,0.0011864775466061725,17.0,25.0,15.470000000000004,3.0
2.6009115142470935e-07,1.078901252787391e-15,4.148165929050104e-09,0.0011714409710946476,17.0,26.0,16.088800000000003,3.0
2.5256148612563137e-07,1.0108309693998044e-15,4.002316366229283e-09,0.0011567579736485932,17.0,27.0,16.707600000000003,3.0
2.448749632577653e-07,9.445778037790938e-16,3.857388240972569e-09,0.0011424410383166909,17.0,28.0,17.326400000000003,3.0
2.3703158282109613e-07,8.801830934458048e-16,3.71335786974067e-09,0.0011285026491476228,17.0,29.0,17.945200000000003,3.0
2.290313448156522e-07,8.176829557873527e-16,3.5701792540471147e-09,0.0011149552901900696,17.0,30.0,18.564000000000004,3.0
2.208742492413801e-07,7.571082880580428e-16,3.427779791706932e-09,0.001101811445492715,17.0,31.0,19.182800000000004,3.0
2.1256029609833656e-07,6.984847673790564e-16,3.2860547345865432e-09,0.0010890835991042393,17.0,32.0,19.801600000000004,3.0
2.0408948538648325e-07,6.418328507384549e-16,3.1448599594585636e-09,0.001076784235073325,17.0,33.0,20.4204,3.0
1.9546181710584683e-07,5.871677749911892e-16,3.004002437331405e-09,0.0010649258374486532,17.0,34.0,21.039200000000005,3.0
1.866772912563939e-07,5.344995568590716e-16,2.863227515579051e-09,0.0010535208902789073,17.0,35.0,21.658,3.0
1.7773590783816963e-07,4.838329929308211e-16,2.7222017138560206e-09,0.0010425818776127666,17.0,36.0,22.2768,3.0
1.6863766685113048e-07,4.3516765966202177e-16,2.580489091124452e-09,0.0010321212834989153,17.0,37.0,22.895600000000005,3.0
1.5938256829530159e-07,3.884979133751369e-16,2.437518215011656e-09,0.0010221515919860342,17.0,38.0,23.514400000000002,3.0
1.499706121706729e-07,3.4381289025952107e-16,2.292535085929018e-09,0.001012685287122805,17.0,39.0,24.133200000000002,3.0
1.404017984772528e-07,3.0109650637140706e-16,2.1445345404189337e-09,0.0010037348529579099,17.0,40.0,24.752000000000002,3.0
1.3067612721503454e-07,2.603274576339005e-16,1.992157735173141e-09,0.0009953127735400301,17.0,41.0,25.370800000000006,3.0
1.2079359838402318e-07,2.2147921983699771e-16,1.8335344157301946e-09,0.0009874315329178483,17.0,42.0,25.9896,3.0
1.1075421198421038e-07,1.8452004863757308e-16,1.6660318856666064e-09,0.0009801036151400456,17.0,43.0,26.608400000000003,3.0
1.0055796801560278e-07,1.4941297955938066e-16,1.4858392876057065e-09,0.0009733415042553039,17.0,44.0,27.2272,3.0
4.475391126399119e-07,1.076036907109374e-14,2.4043416021498632e-08,0.0021517386284584977,137.0,1.0,0.6188000000000001,3.0
4.472501332009803e-07,1.0438806162093455e-14,2.333997328828649e-08,0.002124724257905232,137.0,2.0,1.2376000000000003,3.0
4.4666016861477686e-07,1.012167201790278e-14,2.2660789407958694e-08,0.0020977176489404476,137.0,3.0,1.8564000000000005,3.0
4.457692188812199e-07,9.808992831268022e-15,2.2004643694076455e-08,0.0020707378067808396,137.0,4.0,2.4752000000000005,3.0
4.4457728400038786e-07,9.500790817004126e-15,2.137039196315716e-08,0.002043803736643099,137.0,5.0,3.0940000000000003,3.0
4.4308436397226403e-07,9.19708421199467e-15,2.0756959531459307e-08,0.002016934443743916,137.0,6.0,3.712800000000001,3.0
4.412904587967949e-07,8.897887275191852e-15,2.016333482362723e-08,0.0019901489332999874,137.0,7.0,4.331600000000001,3.0
4.391955684740926e-07,8.603210287616558e-15,1.958856351284894e-08,0.001963466210528,137.0,8.0,4.950400000000001,3.0
4.3679969300402493e-07,8.313059552358255e-15,1.903174312048258e-08,0.0019369052806446506,137.0,9.0,5.5692,3.0
4.341028323866771e-07,8.027437394575096e-15,1.8492018009743496e-08,0.001910485148866629,137.0,10.0,6.188000000000001,3.0
4.311049866220292e-07,7.746342161493845e-15,1.7968574713531304e-08,0.001884224820410628,137.0,11.0,6.8068,3.0
4.278061557100812e-07,7.469768222409916e-15,1.746063754040997e-08,0.0018581433004933394,137.0,12.0,7.425600000000002,3.0
4.2420633965082805e-07,7.197705968687343e-15,1.6967464405675562e-08,0.0018322595943314557,137.0,13.0,8.044400000000001,3.0
4.2030553844426973e-07,6.9301418137588235e-15,1.6488342836047884e-08,0.0018065927071416695,137.0,14.0,8.663200000000002,3.0
4.16103752090438e-07,6.66705819312567e-15,1.602258609693243e-08,0.0017811616441406703,137.0,15.0,9.282000000000002,3.0
4.116009805892509e-07,6.4084335643578586e-15,1.5569529390293236e-08,0.0017559854105451548,137.0,16.0,9.900800000000002,3.0
4.0679722394079727e-07,6.1542424070939665e-15,1.512852606877577e-08,0.001731083011571812,137.0,17.0,10.519600000000002,3.0
4.016924821450217e-07,5.90445522304125e-15,1.4698943807739932e-08,0.0017064734524373359,137.0,18.0,11.1384,3.0
3.962867552019727e-07,5.659038535975584e-15,1.428016067075313e-08,0.0016821757383584169,137.0,19.0,11.757200000000001,3.0
3.9058004311158854e-07,5.417954891741477e-15,1.3871560995740813e-08,0.001658208874551749,137.0,20.0,12.376000000000001,3.0
3.845723458739226e-07,5.181162858252077e-15,1.3472531017481582e-08,0.001634591866234023,137.0,21.0,12.9948,3.0
3.7826366348894643e-07,4.9486170254891885e-15,1.3082454126957919e-08,0.0016113437186219316,137.0,22.0,13.6136,3.0
3.7165399595666353e-07,4.720268005503223e-15,1.2700705647877998e-08,0.0015884834369321679,137.0,23.0,14.2324,3.0
3.647433432770922e-07,4.4960624324132654e-15,1.23266469841991e-08,0.0015660300263814222,137.0,24.0,14.851200000000004,3.0
3.57531705450214e-07,4.275942962407e-15,1.1959618957492489e-08,0.0015440024921863878,137.0,25.0,15.470000000000004,3.0
3.500190824760357e-07,4.0598482737407865e-15,1.1598934106739015e-08,0.0015224198395637565,137.0,26.0,16.088800000000003,3.0
3.422054743545422e-07,3.847713066739595e-15,1.1243867661664494e-08,0.0015013010737302216,137.0,27.0,16.707600000000003,3.0
3.340908810857536e-07,3.639468063797053e-15,1.0893646818402336e-08,0.0014806651999024745,137.0,28.0,17.326400000000003,3.0
3.256753026696615e-07,3.4350400093754165e-15,1.0547437835222162e-08,0.0014605312232972073,137.0,29.0,17.945200000000003,3.0
3.1695873910628424e-07,3.234351670005579e-15,1.020433031480801e-08,0.0014409181491311116,137.0,30.0,18.564000000000004,3.0
3.0794119039557854e-07,3.0373218342870735e-15,9.863317831516325e-09,0.0014218449826208805,137.0,31.0,19.182800000000004,3.0
2.986226565375777e-07,2.8438653128880764e-15,9.52327377253177e-09,0.0014033307289832069,137.0,32.0,19.801600000000004,3.0
2.890031375322834e-07,2.653892938545393e-15,9.182920854099506e-09,0.0013853943934347814,137.0,33.0,20.4204,3.0
2.790826333796856e-07,2.46731156606447e-15,8.840792191851466e-09,0.0013680549811922967,137.0,34.0,21.039200000000005,3.0
2.68861144079771e-07,2.2840240723194026e-15,8.495180960926558e-09,0.0013513314974724457,137.0,35.0,21.658,3.0
2.583386696325796e-07,2.103929356252908e-15,8.14407444013398e-09,0.0013352429474919197,137.0,36.0,22.2768,3.0
2.4751521003805976e-07,1.9269223388763518e-15,7.785066374628266e-09,0.0013198083364674117,137.0,37.0,22.895600000000005,3.0
2.3639076529625473e-07,1.7528939632697342e-15,7.415238751280891e-09,0.0013050466696156128,137.0,38.0,23.514400000000002,3.0
2.2496533540713787e-07,1.5817311945816958e-15,7.030999650319946e-09,0.0012909769521532164,137.0,39.0,24.133200000000002,3.0
2.1323892037072427e-07,1.4133170200295125e-15,6.627856760728319e-09,0.001277618189296914,137.0,40.0,24.752000000000002,3.0
2.012115201870055e-07,1.2475304488991003e-15,6.200094545976535e-09,0.001264989386263398,137.0,41.0,25.370800000000006,3.0
1.8888313485598494e-07,1.0842465125450125e-15,5.7403034599764694e-09,0.0012531095482693608,137.0,42.0,25.9896,3.0
1.7625376437766086e-07,9.2333626439044e-16,5.238675427164196e-09,0.0012419976805314943,137.0,43.0,26.608400000000003,3.0
1.6332340875204168e-07,7.646667799272142e-16,4.681917832661298e-09,0.0012316727882664906,137.0,44.0,27.2272,3.0
8.141792825755091e-07,2.1744310401759735e-14,2.670702984848194e-08,0.0034496753557135946,257.0,1.0,0.6188000000000001,3.0
8.104688779757341e-07,2.0961948015869192e-14,2.586397650237324e-08,0.0033918979356928163,257.0,2.0,1.2376000000000003,3.0
8.063324812870232e-07,2.0198223923631767e-14,2.5049498057417308e-08,0.003334545506643577,257.0,3.0,1.8564000000000005,3.0
8.017700925093869e-07,1.945288161397857e-14,2.426241861067027e-08,0.0032776436309235467,257.0,4.0,2.4752000000000005,3.0
7.967817116427949e-07,1.8725660575965827e-14,2.3501619455292827e-08,0.003221217870890404,257.0,5.0,3.0940000000000003,3.0
7.913673386873006e-07,1.8016296298774766e-14,2.2766034707295005e-08,0.00316529378890182,257.0,6.0,3.712800000000001,3.0
7.855269736428373e-07,1.7324520271711627e-14,2.2054647202463507e-08,0.0031098969473154713,257.0,7.0,4.331600000000001,3.0
7.792606165095319e-07,1.6650059984207673e-14,2.136648462845037e-08,0.003055052908489026,257.0,8.0,4.950400000000001,3.0
7.725682672871774e-07,1.5992638925819188e-14,2.070061585881114e-08,0.003000787234780168,257.0,9.0,5.5692,3.0
7.654499259759574e-07,1.5351976586227473e-14,2.0056147456874502e-08,0.0029471254885465653,257.0,10.0,6.188000000000001,3.0
7.579055925757851e-07,1.4727788455238857e-14,1.9432220318081613e-08,0.0028940932321458944,257.0,11.0,6.8068,3.0
7.499352670867206e-07,1.4119786022784676e-14,1.882800641932192e-08,0.002841716027935826,257.0,12.0,7.425600000000002,3.0
7.415389495086703e-07,1.3527676778921339e-14,1.824270564329024e-08,0.0027900194382740394,257.0,13.0,8.044400000000001,3.0
7.327166398417313e-07,1.2951164213830211e-14,1.767554264446307e-08,0.002739029025518204,257.0,14.0,8.663200000000002,3.0
7.234683380858732e-07,1.2389947817817715e-14,1.7125763721185918e-08,0.0026887703520259956,257.0,15.0,9.282000000000002,3.0
7.137940442410228e-07,1.1843723081315274e-14,1.6592633655144466e-08,0.0026392689801550905,257.0,16.0,9.900800000000002,3.0
7.036937583072836e-07,1.1312181494879355e-14,1.607543247518708e-08,0.0025905504722631614,257.0,17.0,10.519600000000002,3.0
6.931674802845988e-07,1.0795010549191409e-14,1.5573452096684084e-08,0.002542640390707882,257.0,18.0,11.1384,3.0
6.82215210173005e-07,1.0291893735057975e-14,1.508599277997338e-08,0.002495564297846927,257.0,19.0,11.757200000000001,3.0
6.708369479724623e-07,9.802510543410548e-15,1.4612359341621921e-08,0.0024493477560379694,257.0,20.0,12.376000000000001,3.0
6.590326936829739e-07,9.32653646530568e-15,1.4151857039420548e-08,0.0024040163276386867,257.0,21.0,12.9948,3.0
6.468024473045833e-07,8.863642991924923e-15,1.37037870355351e-08,0.0023595955750067505,257.0,22.0,13.6136,3.0
6.341462088372371e-07,8.41349761457487e-15,1.3267441320830031e-08,0.0023161110604998356,257.0,23.0,14.2324,3.0
6.21063978280982e-07,7.975763824687113e-15,1.2842096955555063e-08,0.002273588346475616,257.0,24.0,14.851200000000004,3.0
6.075557556357878e-07,7.550101113818294e-15,1.2427009445276924e-08,0.002232052995291766,257.0,25.0,15.470000000000004,3.0
5.936215409016765e-07,7.136164973650053e-15,1.202140502315774e-08,0.0021915305693059584,257.0,26.0,16.088800000000003,3.0
5.792613340786079e-07,6.7336068959890635e-15,1.1624471546508037e-08,0.0021520466308758697,257.0,27.0,16.707600000000003,3.0
5.644751351666036e-07,6.342074372767013e-15,1.1235347631202858e-08,0.0021136267423591745,257.0,28.0,17.326400000000003,3.0
5.492629441656971e-07,5.9612108960406104e-15,1.0853109534078238e-08,0.0020762964661135445,257.0,29.0,17.945200000000003,3.0
5.336247610758568e-07,5.590655957991595e-15,1.0476755139173277e-08,0.0020400813644966547,257.0,30.0,18.564000000000004,3.0
5.175605858970606e-07,5.230045050926716e-15,1.010518419184056e-08,0.0020050069998661813,257.0,31.0,19.182800000000004,3.0
5.010704186293457e-07,4.8790096672777606e-15,9.7371736304531e-09,0.001971098934579796,257.0,32.0,19.801600000000004,3.0
4.841542592727134e-07,4.537177299601514e-15,9.371346451474306e-09,0.001938382730995174,257.0,33.0,20.4204,3.0
4.6681210782713895e-07,4.204171440579801e-15,9.006131953493825e-09,0.001906883951469989,257.0,34.0,21.039200000000005,3.0
4.4904396429262043e-07,3.87961158301946e-15,8.63971435209249e-09,0.0018766281583619169,257.0,35.0,21.658,3.0
4.308498286692031e-07,3.563113219852353e-15,8.269965502500017e-09,0.0018476409140286293,257.0,36.0,22.2768,3.0
4.122297009568134e-07,3.254287844135358e-15,7.894355590055575e-09,0.0018199477808278034,257.0,37.0,22.895600000000005,3.0
3.931835811555349e-07,2.952742949050388e-15,7.509832786945259e-09,0.0017935743211171102,257.0,38.0,23.514400000000002,3.0
3.737114692652956e-07,2.6580820279043607e-15,7.112658418351629e-09,0.0017685460972542261,257.0,39.0,24.133200000000002,3.0
3.5381336528613413e-07,2.3699045741292278e-15,6.698177080486066e-09,0.001744888671596825,257.0,40.0,24.752000000000002,3.0
3.3348926921804206e-07,2.0878060812819544e-15,6.2604895389209795e-09,0.0017226276065025808,257.0,41.0,25.370800000000006,3.0
3.127391810610244e-07,1.8113780430445343e-15,5.791976678135134e-09,0.001701788464329167,257.0,42.0,25.9896,3.0
2.915631008150611e-07,1.5402079532239741e-15,5.2825887395158775e-09,0.0016823968074342595,257.0,43.0,26.608400000000003,3.0
2.6996102848018217e-07,1.2738793057523077e-15,4.718752602640285e-09,0.0016644781981755312,257.0,44.0,27.2272,3.0
1.9219921478158918e-06,4.2409394232969275e-14,2.2065331682630624e-08,0.006200056144485854,377.0,1.0,0.6188000000000001,3.0
1.895949173885655e-06,4.07569082990858e-14,2.149683591757711e-08,0.006059478106746591,377.0,2.0,1.2376000000000003,3.0
1.8694825144550792e-06,3.915434569076551e-14,2.0943948599689528e-08,0.005921244037467318,377.0,3.0,1.8564000000000005,3.0
1.8425921695241442e-06,3.760053789972549e-14,2.0406326761627322e-08,0.005785372700547909,377.0,4.0,2.4752000000000005,3.0
1.81527813909285e-06,3.609432056476172e-14,1.9883630936468588e-08,0.005651882859888227,377.0,5.0,3.0940000000000003,3.0
1.787540423161237e-06,3.463453347174908e-14,1.9375524616387952e-08,0.005520793279388141,377.0,6.0,3.712800000000001,3.0
1.7593790217292777e-06,3.322002055364145e-14,1.8881673671992402e-08,0.005392122722947514,377.0,7.0,4.331600000000001,3.0
1.7307939347970498e-06,3.184962989047164e-14,1.8401745724979258e-08,0.0052658899544662146,377.0,8.0,4.950400000000001,3.0
1.7017851623643458e-06,3.052221370935139e-14,1.793540946552024e-08,0.005142113737844112,377.0,9.0,5.5692,3.0
1.6723527044313693e-06,2.9236628384471366e-14,1.7482333904206143e-08,0.005020812836981072,377.0,10.0,6.188000000000001,3.0
1.6424965609980339e-06,2.7991734437101194e-14,1.704218754655566e-08,0.004902006015776961,377.0,11.0,6.8068,3.0
1.6122167320644127e-06,2.678639653558943e-14,1.661463747575052e-08,0.004785712038131645,377.0,12.0,7.425600000000002,3.0
1.5815132176303886e-06,2.561948349536356e-14,1.619934832650322e-08,0.00467194966794499,377.0,13.0,8.044400000000001,3.0
1.5503860176960426e-06,2.448986827893006e-14,1.5795981129475953e-08,0.004560737669116867,377.0,14.0,8.663200000000002,3.0
1.5188351322614174e-06,2.3396427995874285e-14,1.5404192001431372e-08,0.004452094805547135,377.0,15.0,9.282000000000002,3.0
1.4868605613263428e-06,2.2338043902860588e-14,1.5023630650969788e-08,0.00434603984113567,377.0,16.0,9.900800000000002,3.0
1.4544623048909692e-06,2.1313601403632213e-14,1.4653938663078617e-08,0.004242591539782336,377.0,17.0,10.519600000000002,3.0
1.4216403629552697e-06,2.032199004901139e-14,1.429474751741471e-08,0.004141768665386999,377.0,18.0,11.1384,3.0
1.3883947355192513e-06,1.9362103536899217e-14,1.3945676284675558e-08,0.004043589981849522,377.0,19.0,11.757200000000001,3.0
1.3547254225828404e-06,1.8432839712275824e-14,1.3606328932052407e-08,0.003948074253069779,377.0,20.0,12.376000000000001,3.0
1.3206324241460937e-06,1.753310056720021e-14,1.3276291151594978e-08,0.0038552402429476327,377.0,21.0,12.9948,3.0
1.2861157402090278e-06,1.6661792240810357e-14,1.295512660322653e-08,0.003765106715382952,377.0,22.0,13.6136,3.0
1.2511753707716195e-06,1.581782501932316e-14,1.2642372435422909e-08,0.0036776924342756014,377.0,23.0,14.2324,3.0
1.2158113158338552e-06,1.500011333603449e-14,1.2337533908990452e-08,0.00359301616352545,377.0,24.0,14.851200000000004,3.0
1.1800235753957721e-06,1.4207575771319109e-14,1.204007789976059e-08,0.0035110966670323625,377.0,25.0,15.470000000000004,3.0
1.1438121494573632e-06,1.3439135052630777e-14,1.1749424989939518e-08,0.0034319527086962053,377.0,26.0,16.088800000000003,3.0
1.1071770380185717e-06,1.2693718054502137e-14,1.1464939768999447e-08,0.0033556030524168477,377.0,27.0,16.707600000000003,3.0
1.0701182410794277e-06,1.197025579854482e-14,1.1185918844323623e-08,0.0032820664620941574,377.0,28.0,17.326400000000003,3.0
1.0326357586399912e-06,1.1267683453449363e-14,1.0911575896121594e-08,0.003211361701627998,377.0,29.0,17.945200000000003,3.0
9.947295907002059e-07,1.0584940334985253e-14,1.0641022880936261e-08,0.003143507534918237,377.0,30.0,18.564000000000004,3.0
9.563997372600445e-07,9.920969906000951e-15,1.0373246164227506e-08,0.0030785227258647435,377.0,31.0,19.182800000000004,3.0
9.176461983195607e-07,9.274719776423799e-15,1.0107075900720916e-08,0.003016426038367383,377.0,32.0,19.801600000000004,3.0
8.784689738787445e-07,8.645141703260127e-15,9.841146312872992e-09,0.002957236236326023,377.0,33.0,20.4204,3.0
8.388680639375925e-07,8.031191590595183e-15,9.573843534938365e-09,0.002900972083640528,377.0,34.0,21.039200000000005,3.0
7.988434684960646e-07,7.431829489593166e-15,9.303236219211546e-09,0.0028476523442107684,377.0,35.0,21.658,3.0
7.583951875542412e-07,6.846019598497211e-15,9.026981857011819e-09,0.0027972957819366083,377.0,36.0,22.2768,3.0
7.175232211120317e-07,6.2727302626293985e-15,8.742198270472413e-09,0.002749921160717916,377.0,37.0,22.895600000000005,3.0
6.7622756916953e-07,5.710933974390737e-15,8.445284153978359e-09,0.002705547244454557,377.0,38.0,23.514400000000002,3.0
6.345082317266457e-07,5.159607373261189e-15,8.131663413129704e-09,0.0026641927970464,377.0,39.0,24.133200000000002,3.0
5.923652087834289e-07,4.617731245799648e-15,7.79541265646462e-09,0.0026258765823933116,377.0,40.0,24.752000000000002,3.0
5.497985003398864e-07,4.084290525643958e-15,7.428704376456178e-09,0.002590617364395157,377.0,41.0,25.370800000000006,3.0
5.068081063960081e-07,3.558274293510893e-15,7.020949839998297e-09,0.0025584339069518037,377.0,42.0,25.9896,3.0
4.63394026951754e-07,3.038675777196177e-15,6.557434063586985e-09,0.00252934497396312,377.0,43.0,26.608400000000003,3.0
4.195562620071807e-07,2.524492351574468e-15,6.017053206397528e-09,0.0025033693293289717,377.0,44.0,27.2272,3.0
4.129785908571366e-06,7.466047465434848e-14,1.8078533925787956e-08,0.011008036735376146,497.0,1.0,0.6188000000000001,3.0
4.053834314987181e-06,7.177119520419022e-14,1.770452110952077e-08,0.010724499943293954,497.0,2.0,1.2376000000000003,3.0
3.977634785216024e-06,6.896811935018087e-14,1.7338977325550324e-08,0.010446591228003321,497.0,3.0,1.8564000000000005,3.0
3.901187319257574e-06,6.62492473112573e-14,1.6981816531656585e-08,0.010174317764852434,497.0,4.0,2.4752000000000005,3.0
3.824491917112097e-06,6.361258637540653e-14,1.663295092631308e-08,0.009907686729189456,497.0,5.0,3.0940000000000003,3.0
3.747548578779527e-06,6.105615089966568e-14,1.6292290711158702e-08,0.00964670529636256,497.0,6.0,3.712800000000001,3.0
3.6703573042598246e-06,5.857796231012189e-14,1.5959743821708088e-08,0.009391380641719918,497.0,7.0,4.331600000000001,3.0
3.592918093553143e-06,5.6176049101912396e-14,1.5635215621171658e-08,0.009141719940609692,497.0,8.0,4.950400000000001,3.0
3.515230946659155e-06,5.384844683922454e-14,1.5318608551282136e-08,0.008897730368380066,497.0,9.0,5.5692,3.0
3.4372958635782076e-06,5.1593198155295684e-14,1.5009821732827918e-08,0.0086594191003792,497.0,10.0,6.188000000000001,3.0
3.35911284431002e-06,4.940835275241338e-14,1.4708750507178071e-08,0.008426793311955278,497.0,11.0,6.8068,3.0
3.2806818888548876e-06,4.7291967401915176e-14,1.4415285908266557e-08,0.008199860178456456,497.0,12.0,7.425600000000002,3.0
3.202002997212555e-06,4.5242105944188676e-14,1.412931405235203e-08,0.007978626875230916,497.0,13.0,8.044400000000001,3.0
3.1230761693831427e-06,4.3256839288671574e-14,1.3850715430106044e-08,0.007763100577626821,497.0,14.0,8.663200000000002,3.0
3.043901405366705e-06,4.133424541385167e-14,1.3579364082218704e-08,0.0075532884609923415,497.0,15.0,9.282000000000002,3.0
2.964478705162993e-06,3.9472409367266844e-14,1.331512663542529e-08,0.007349197700675659,497.0,16.0,9.900800000000002,3.0
2.8848080687722763e-06,3.766942326550503e-14,1.3057861170478657e-08,0.007150835472024934,497.0,17.0,10.519600000000002,3.0
2.8048894961944263e-06,3.5923386294204263e-14,1.2807415886773376e-08,0.006958208950388345,497.0,18.0,11.1384,3.0
2.724722987429564e-06,3.423240470805265e-14,1.2563627519561779e-08,0.006771325311114053,497.0,19.0,11.757200000000001,3.0
2.6443085424774747e-06,3.259459183078832e-14,1.2326319454480216e-08,0.006590191729550237,497.0,20.0,12.376000000000001,3.0
2.563646161338306e-06,3.1008068055199576e-14,1.2095299469491671e-08,0.006414815381045069,497.0,21.0,12.9948,3.0
2.4827358440120448e-06,2.947096084312473e-14,1.187035701530789e-08,0.006245203440946715,497.0,22.0,13.6136,3.0
2.4015775904987176e-06,2.7981404725452203e-14,1.1651259920209996e-08,0.006081363084603347,497.0,23.0,14.2324,3.0
2.3201714007982437e-06,2.6537541302120465e-14,1.1437750371800271e-08,0.005923301487363137,497.0,24.0,14.851200000000004,3.0
2.2385172749106778e-06,2.51375192421181e-14,1.1229539983389741e-08,0.005771025824574256,497.0,25.0,15.470000000000004,3.0
2.156615212836065e-06,2.3779494283483717e-14,1.1026303691984256e-08,0.005624543271584869,497.0,26.0,16.088800000000003,3.0
2.0744652145742663e-06,2.246162923330608e-14,1.0827672151598737e-08,0.005483861003743155,497.0,27.0,16.707600000000003,3.0
1.992067280125355e-06,2.1182093967723954e-14,1.0633222170282838e-08,0.005348986196397283,497.0,28.0,17.326400000000003,3.0
1.90942140948939e-06,1.9939065431926245e-14,1.0442464577402151e-08,0.005219926024895422,497.0,29.0,17.945200000000003,3.0
1.8265276026663233e-06,1.8730727640151885e-14,1.025482867754596e-08,0.005096687664585743,497.0,30.0,18.564000000000004,3.0
1.7433858596561068e-06,1.755527167568989e-14,1.006964211534489e-08,0.00497927829081642,497.0,31.0,19.182800000000004,3.0
1.659996180458824e-06,1.6410895690879395e-14,9.886104488712385e-09,0.004867705078935618,497.0,32.0,19.801600000000004,3.0
1.5763585650744049e-06,1.5295804907109577e-14,9.703252322156544e-09,0.004761975204291514,497.0,33.0,20.4204,3.0
1.4924730135029266e-06,1.4208211614819686e-14,9.51991190880707e-09,0.004662095842232275,497.0,34.0,21.039200000000005,3.0
1.4083395257442818e-06,1.3146335173499078e-14,9.334634818653889e-09,0.004568074168106075,497.0,35.0,21.658,3.0
1.323958101798608e-06,1.2108402011687166e-14,9.145608154244308e-09,0.004479917357261079,497.0,36.0,22.2768,3.0
1.2393287416657574e-06,1.1092645626973439e-14,8.950527212064841e-09,0.0043976325850454655,497.0,37.0,22.895600000000005,3.0
1.154451445345868e-06,1.0097306585997484e-14,8.746410796837263e-09,0.0043212270268074,497.0,38.0,23.514400000000002,3.0
1.0693262128388086e-06,9.12063252444894e-15,8.529326612349485e-09,0.0042507078578950565,497.0,39.0,24.133200000000002,3.0
9.8395304414467e-07,8.160878147067539e-15,8.293971135748273e-09,0.004186082253656604,497.0,40.0,24.752000000000002,3.0
8.983319392634484e-07,7.216305227643088e-15,8.033005298197246e-09,0.004127357389440214,497.0,41.0,25.370800000000006,3.0
8.124628981951174e-07,6.2851826090154705e-15,7.735962618081361e-09,0.0040745404405940575,497.0,42.0,25.9896,3.0
7.263459209396502e-07,5.365786203074648e-15,7.3873701887567626e-09,0.004027638582466306,497.0,43.0,26.608400000000003,3.0
6.399810074970969e-07,4.456398990760663e-15,6.963330065354913e-09,0.003986658990405129,497.0,44.0,27.2272,3.0
7.370343050625422e-06,1.0696369258371881e-13,1.4512715602110575e-08,0.017562948073934794,617.0,1.0,0.6188000000000001,3.0
7.2190862173287855e-06,1.0302257652491979e-13,1.4270861079013448e-08,0.017091219286659312,617.0,2.0,1.2376000000000003,3.0
7.067879746120357e-06,9.919486635520638e-14,1.4034600179729376e-08,0.016629681743714344,617.0,3.0,1.8564000000000005,3.0
6.916723636999499e-06,9.547778451318171e-14,1.3803903339789984e-08,0.01617832300083676,617.0,4.0,2.4752000000000005,3.0
6.765617889966781e-06,9.186856540546848e-14,1.357873987262966e-08,0.015737130613763393,617.0,5.0,3.0940000000000003,3.0
6.614562505021855e-06,8.836445540670899e-14,1.3359077843715535e-08,0.01530609213823111,617.0,6.0,3.712800000000001,3.0
6.4635574821649274e-06,8.496271285956548e-14,1.3144883927157055e-08,0.014885195129976743,617.0,7.0,4.331600000000001,3.0
6.312602821396126e-06,8.166060807471964e-14,1.2936123241895833e-08,0.014474427144737137,617.0,8.0,4.950400000000001,3.0
6.161698522714881e-06,7.845542333087298e-14,1.2732759163995101e-08,0.014073775738249158,617.0,9.0,5.5692,3.0
6.010844586121763e-06,7.53444528747467e-14,1.25347531108535e-08,0.01368322846624965,617.0,10.0,6.188000000000001,3.0
5.8600410116164795e-06,7.232500292108158e-14,1.234206429233349e-08,0.013302772884475457,617.0,11.0,6.8068,3.0
5.709287799199312e-06,6.939439165263831e-14,1.2154649422712654e-08,0.01293239654866342,617.0,12.0,7.425600000000002,3.0
5.558584948869898e-06,6.65499492201971e-14,1.1972462386083927e-08,0.012572087014550402,617.0,13.0,8.044400000000001,3.0
5.407932460628479e-06,6.378901774255794e-14,1.1795453846171878e-08,0.012221831837873244,617.0,14.0,8.663200000000002,3.0
5.2573303344750955e-06,6.110895130654048e-14,1.162357078949686e-08,0.011881618574368787,617.0,15.0,9.282000000000002,3.0
5.106778570409359e-06,5.850711596698407e-14,1.1456755988206896e-08,0.0115514347797739,617.0,16.0,9.900800000000002,3.0
4.956277168431752e-06,5.598088974674772e-14,1.129494736559719e-08,0.011231268009825417,617.0,17.0,10.519600000000002,3.0
4.8058261285419915e-06,5.3527662636710246e-14,1.1138077243121082e-08,0.010921105820260192,617.0,18.0,11.1384,3.0
4.65542545074028e-06,5.114483659577e-14,1.0986071442221727e-08,0.010620935766815068,617.0,19.0,11.757200000000001,3.0
4.505075135026376e-06,4.882982555084525e-14,1.0838848207258449e-08,0.010330745405226898,617.0,20.0,12.376000000000001,3.0
4.354775181400388e-06,4.6580055396873686e-14,1.0696316906512425e-08,0.010050522291232532,617.0,21.0,12.9948,3.0
4.204525589862367e-06,4.43929639968129e-14,1.055837645603819e-08,0.009780253980568816,617.0,22.0,13.6136,3.0
4.054326360412301e-06,4.226600118164012e-14,1.0424913394821505e-08,0.0095199280289726,617.0,23.0,14.2324,3.0
3.90417749305015e-06,4.019662875035225e-14,1.0295799517800233e-08,0.00926953199218073,617.0,24.0,14.851200000000004,3.0
3.754078987775867e-06,3.8182320469965904e-14,1.0170888943545462e-08,0.009029053425930059,617.0,25.0,15.470000000000004,3.0
3.6040308445896923e-06,3.622056207551737e-14,1.0050014452537508e-08,0.008798479885957425,617.0,26.0,16.088800000000003,3.0
3.454033063491219e-06,3.430885127006269e-14,9.932982875208631e-09,0.008577798927999692,617.0,27.0,16.707600000000003,3.0
3.3040856444807398e-06,3.2444697724677546e-14,9.819569229046561e-09,0.008366998107793702,617.0,28.0,17.326400000000003,3.0
3.154188587558263e-06,3.062562307845732e-14,9.709509190179839e-09,0.008166064981076297,617.0,29.0,17.945200000000003,3.0
3.004341892723667e-06,2.884916093851712e-14,9.602489320003169e-09,0.007974987103584333,617.0,30.0,18.564000000000004,3.0
2.8545455599769527e-06,2.7112856879991718e-14,9.498134224983477e-09,0.007793752031054661,617.0,31.0,19.182800000000004,3.0
2.7047995893182464e-06,2.541426844603562e-14,9.395989464950108e-09,0.007622347319224123,617.0,32.0,19.801600000000004,3.0
2.555103980747422e-06,2.3750965147822972e-14,9.295498471602441e-09,0.007460760523829568,617.0,33.0,20.4204,3.0
2.4054587342645382e-06,2.212052846454767e-14,9.195970876345529e-09,0.007308979200607848,617.0,34.0,21.039200000000005,3.0
2.2558638498695224e-06,2.0520551843423267e-14,9.096538270521141e-09,0.007166990905295815,617.0,35.0,21.658,3.0
2.1063193275625755e-06,1.8948640699683038e-14,8.996091168004584e-09,0.0070347831936303055,617.0,36.0,22.2768,3.0
1.9568251673433964e-06,1.740241241657993e-14,8.89318714160121e-09,0.006912343621348181,617.0,37.0,22.895600000000005,3.0
1.8073813692122789e-06,1.5879496345386614e-14,8.785913485601251e-09,0.006799659744186281,617.0,38.0,23.514400000000002,3.0
1.6579879331689689e-06,1.4377533805395427e-14,8.671675781086751e-09,0.006696719117881461,617.0,39.0,24.133200000000002,3.0
1.5086448592136408e-06,1.2894178083918414e-14,8.546861115239088e-09,0.006603509298170566,617.0,40.0,24.752000000000002,3.0
1.3593521473462406e-06,1.1427094436287317e-14,8.406279755099193e-09,0.006520017840790447,617.0,41.0,25.370800000000006,3.0
1.210109797566809e-06,9.973960085853578e-15,8.24219430824245e-09,0.006446232301477946,617.0,42.0,25.9896,3.0
1.0609178098752184e-06,8.532464223988317e-15,8.042530858249874e-09,0.00638214023596992,617.0,43.0,26.608400000000003,3.0
9.117761842716225e-07,7.1003080100823744e-15,7.787336555357053e-09,0.006327729200003213,617.0,44.0,27.2272,3.0
1.0865404425238458e-05,1.3833646214898623e-13,1.2731828170855243e-08,0.02495140108827957,737.0,1.0,0.6188000000000001,3.0
1.0633156864379726e-05,1.3388102672147316e-13,1.2590901124572374e-08,0.024310681964862503,737.0,2.0,1.2376000000000003,3.0
1.0401262780105243e-05,1.2952749296322825e-13,1.2453054566699222e-08,0.023684032509734134,737.0,3.0,1.8564000000000005,3.0
1.01697221724145e-05,1.25273498712619e-13,1.2318281324579834e-08,0.023071428186203388,737.0,4.0,2.4752000000000005,3.0
9.938535041308061e-06,1.2111668918442876e-13,1.2186573642999199e-08,0.022472844457579168,737.0,5.0,3.0940000000000003,3.0
9.707701386785521e-06,1.1705471696985713e-13,1.2057923117535969e-08,0.02188825678717039,737.0,6.0,3.712800000000001,3.0
9.477221208847153e-06,1.1308524203651961e-13,1.1932320618511315e-08,0.021317640638285965,737.0,7.0,4.331600000000001,3.0
9.2470945074933e-06,1.09205931728448e-13,1.1809756203957248e-08,0.020760971474234766,737.0,8.0,4.950400000000001,3.0
9.017321282722786e-06,1.0541446076608987e-13,1.169021901970647e-08,0.02021822475832576,737.0,9.0,5.5692,3.0
8.78790153453671e-06,1.017085112463088e-13,1.1573697184315434e-08,0.019689375953867827,737.0,10.0,6.188000000000001,3.0
8.55883526293472e-06,9.808577264238481e-14,1.1460177656083592e-08,0.01917440052416988,737.0,11.0,6.8068,3.0
8.330122467916953e-06,9.454394180401352e-14,1.1349646078811536e-08,0.01867327393254082,737.0,12.0,7.425600000000002,3.0
8.101763149483009e-06,9.108072295730668e-14,1.1242086602237778e-08,0.018185971642289578,737.0,13.0,8.044400000000001,3.0
7.873757307633232e-06,8.769382770479229e-14,1.1137481672158896e-08,0.017712469116725055,737.0,14.0,8.663200000000002,3.0
7.64610494236789e-06,8.438097502541438e-14,1.1035811784095497e-08,0.017252741819156134,737.0,15.0,9.282000000000002,3.0
7.418806053686024e-06,8.113989127453284e-14,1.0937055192893013e-08,0.01680676521289177,737.0,16.0,9.900800000000002,3.0
7.191860641588539e-06,7.796831018392369e-14,1.0841187568771081e-08,0.016374514761240855,737.0,17.0,10.519600000000002,3.0
6.965268706075171e-06,7.486397286177889e-14,1.0748181587952501e-08,0.015955965927512288,737.0,18.0,11.1384,3.0
6.73903024714597e-06,7.182462779270672e-14,1.0658006442859487e-08,0.015551094175014981,737.0,19.0,11.757200000000001,3.0
6.513145264800604e-06,6.884803083773115e-14,1.0570627252828344e-08,0.015159874967057863,737.0,20.0,12.376000000000001,3.0
6.2876137590393805e-06,6.593194523429253e-14,1.0486004350936085e-08,0.014782283766949837,737.0,21.0,12.9948,3.0
6.062435729862406e-06,6.307414159624704e-14,1.0404092415455362e-08,0.014418296037999797,737.0,22.0,13.6136,3.0
5.837611177269399e-06,6.027239791386692e-14,1.0324839404953301e-08,0.014067887243516665,737.0,23.0,14.2324,3.0
5.613140101260468e-06,5.752449955384054e-14,1.024818524321583e-08,0.013731032846809354,737.0,24.0,14.851200000000004,3.0
5.3890225018356105e-06,5.482823925927226e-14,1.017406018263918e-08,0.01340770831118677,737.0,25.0,15.470000000000004,3.0
5.165258378995137e-06,5.218141714968251e-14,1.0102382750470271e-08,0.013097889099957806,737.0,26.0,16.088800000000003,3.0
4.941847732738298e-06,4.9581840721007765e-14,1.003305714835011e-08,0.012801550676431399,737.0,27.0,16.707600000000003,3.0
4.718790563065681e-06,4.7027324845600425e-14,9.965969927482422e-09,0.012518668503916454,737.0,28.0,17.326400000000003,3.0
4.4960868699772445e-06,4.451569177222915e-14,9.900985692577254e-09,0.012249218045721873,737.0,29.0,17.945200000000003,3.0
4.273736653472925e-06,4.204477112607851e-14,9.837941486617356e-09,0.011993174765156562,737.0,30.0,18.564000000000004,3.0
4.0517399135525195e-06,3.9612399908749094e-14,9.776639358378113e-09,0.011750514125529443,737.0,31.0,19.182800000000004,3.0
3.83009665021631e-06,3.721642249825761e-14,9.716836387446192e-09,0.01152121159014942,737.0,32.0,19.801600000000004,3.0
3.6088068634642017e-06,3.4854690649036767e-14,9.658231090698687e-09,0.011305242622325403,737.0,33.0,20.4204,3.0
3.387870553296129e-06,3.252506349193534e-14,9.600444580236702e-09,0.011102582685366302,737.0,34.0,21.039200000000005,3.0
3.167287719712078e-06,3.0225407534218146e-14,9.542993945926007e-09,0.010913207242581031,737.0,35.0,21.658,3.0
2.9470583627123154e-06,2.795359665956604e-14,9.485253842695887e-09,0.01073709175727849,737.0,36.0,22.2768,3.0
2.7271824822963884e-06,2.570751212807593e-14,9.426399698207675e-09,0.010574211692767602,737.0,37.0,22.895600000000005,3.0
2.5076600784647763e-06,2.3485042576260694e-14,9.3653213918206e-09,0.010424542512357264,737.0,38.0,23.514400000000002,3.0
2.288491151217052e-06,2.128408401704939e-14,9.300487793335016e-09,0.010288059679356398,737.0,39.0,24.133200000000002,3.0
2.0696757005534973e-06,1.9102539839787032e-14,9.229726103794138e-09,0.010164738657073907,737.0,40.0,24.752000000000002,3.0
1.851213726474004e-06,1.6938320810234692e-14,9.149846162008e-09,0.010054554908818705,737.0,41.0,25.370800000000006,3.0
1.6331052289787063e-06,1.478934507056947e-14,9.055965781101731e-09,0.009957483897899693,737.0,42.0,25.9896,3.0
1.4153502080673364e-06,1.2653538139384569e-14,8.94021710475671e-09,0.009873501087625792,737.0,43.0,26.608400000000003,3.0
1.1979486637401488e-06,1.0528832911689154e-14,8.789051843688186e-09,0.009802581941305906,737.0,44.0,27.2272,3.0
1.4135180047222875e-05,1.4992124292792297e-13,1.060624926085592e-08,0.032500964229894735,857.0,1.0,0.6188000000000001,3.0
1.3822263222065225e-05,1.4536620790274907e-13,1.051681664336222e-08,0.03169558902417243,857.0,2.0,1.2376000000000003,3.0
1.3510168749107554e-05,1.4091023733873862e-13,1.0429939104057955e-08,0.030908795680540276,857.0,3.0,1.8564000000000005,3.0
1.3198896628350071e-05,1.3655059005796842e-13,1.034560644748666e-08,0.03014052270065775,857.0,4.0,2.4752000000000005,3.0
1.2888446859792539e-05,1.3228454742922845e-13,1.0263808267069798e-08,0.02939070858618436,857.0,5.0,3.0940000000000003,3.0
1.257881944343528e-05,1.2810941336802267e-13,1.018453392578755e-08,0.028659291838779567,857.0,6.0,3.712800000000001,3.0
1.2270014379277943e-05,1.2402251433656727e-13,1.0107772534156204e-08,0.027946210960102878,857.0,7.0,4.331600000000001,3.0
1.1962031667321733e-05,1.2002119934379207e-13,1.0033512925038469e-08,0.02725140445181371,857.0,8.0,4.950400000000001,3.0
1.165487130756451e-05,1.1610283994533976e-13,9.961743624743762e-09,0.02657481081557161,857.0,9.0,5.5692,3.0
1.134853330000788e-05,1.1226483024356662e-13,9.892452819739152e-09,0.02591636855303605,857.0,10.0,6.188000000000001,3.0
1.104301764465136e-05,1.0850458688754143e-13,9.825628318188478e-09,0.025276016165866506,857.0,11.0,6.8068,3.0
1.0738324341495245e-05,1.0481954907304664e-13,9.761257505326122e-09,0.024653692155722447,857.0,12.0,7.425600000000002,3.0
1.0434453390538973e-05,1.0120717854257764e-13,9.6993272914845e-09,0.02404933502426337,857.0,13.0,8.044400000000001,3.0
1.013140479178292e-05,9.76649595853429e-14,9.63982405130571e-09,0.023462883273148757,857.0,14.0,8.663200000000002,3.0
9.82917854522751e-06,9.419039903726392e-14,9.582733552337128e-09,0.022894275404038066,857.0,15.0,9.282000000000002,3.0
9.527774650871437e-06,9.078102628097565e-14,9.528040870768555e-09,0.02234344991859082,857.0,16.0,9.900800000000002,3.0
9.227193108715875e-06,8.743439324582593e-14,9.475730291505078e-09,0.02181034531846648,857.0,17.0,10.519600000000002,3.0
8.927433918760533e-06,8.414807440787593e-14,9.425785189072437e-09,0.021294900105324532,857.0,18.0,11.1384,3.0
8.62849708100554e-06,8.09196667898998e-14,9.378187884890568e-09,0.020797052780824443,857.0,19.0,11.757200000000001,3.0
8.33038259545023e-06,7.774678996138485e-14,9.332919475252851e-09,0.020316741846625724,857.0,20.0,12.376000000000001,3.0
8.033090462095245e-06,7.46270860385315e-14,9.289959622721185e-09,0.019853905804387843,857.0,21.0,12.9948,3.0
7.736620680940584e-06,7.155821968425345e-14,9.249286301516559e-09,0.01940848315577028,857.0,22.0,13.6136,3.0
7.440973251985954e-06,6.85378781081774e-14,9.210875484585975e-09,0.01898041240243252,857.0,23.0,14.2324,3.0
7.146148175231434e-06,6.556377106664318e-14,9.174700756120249e-09,0.018569632046034047,857.0,24.0,14.851200000000004,3.0
6.852145450677133e-06,6.26336308627039e-14,9.140732827922444e-09,0.018176080588234344,857.0,25.0,15.470000000000004,3.0
6.558965078323263e-06,5.97452123461257e-14,9.10893893056052e-09,0.017799696530692875,857.0,26.0,16.088800000000003,3.0
6.266607058169076e-06,5.68962929133877e-14,9.079282039747228e-09,0.017440418375069152,857.0,27.0,16.707600000000003,3.0
5.975071390215159e-06,5.4084672507682524e-14,9.051719883423012e-09,0.017098184623022643,857.0,28.0,17.326400000000003,3.0
5.6843580744615e-06,5.130817361891561e-14,9.026203653396029e-09,0.01677293377621283,857.0,29.0,17.945200000000003,3.0
5.394467110908126e-06,4.856464128370566e-14,9.002676313570127e-09,0.01646460433629919,857.0,30.0,18.564000000000004,3.0
5.105398499554569e-06,4.585194308538456e-14,8.981070349236207e-09,0.016173134804941224,857.0,31.0,19.182800000000004,3.0
4.817152240401363e-06,4.316796915399724e-14,8.961304729368592e-09,0.0158984636837984,857.0,32.0,19.801600000000004,3.0
4.529728333448387e-06,4.051063216630181e-14,8.943280740958236e-09,0.015640529474530197,857.0,33.0,20.4204,3.0
4.24312677869543e-06,3.787786734576955e-14,8.926876174417605e-09,0.01539927067879611,857.0,34.0,21.039200000000005,3.0
3.957347576142609e-06,3.5267632462584773e-14,8.911937044701441e-09,0.015174625798255613,857.0,35.0,21.658,3.0
3.672390725790113e-06,3.267790783364499e-14,8.898265536985952e-09,0.01496653333456819,857.0,36.0,22.2768,3.0
3.3882562276375676e-06,3.0106696322560894e-14,8.885602002878196e-09,0.014774931789393323,857.0,37.0,22.895600000000005,3.0
3.1049440816853994e-06,2.7552023339656245e-14,8.873597274157893e-09,0.014599759664390491,857.0,38.0,23.514400000000002,3.0
2.822454287933102e-06,2.501193684196796e-14,8.86176862062993e-09,0.014440955461219191,857.0,39.0,24.133200000000002,3.0
2.540786846381169e-06,2.2484507333246103e-14,8.849426847935192e-09,0.01429845768153889,857.0,40.0,24.752000000000002,3.0
2.259941757029293e-06,1.9967827863953845e-14,8.835549766646055e-09,0.01417220482700908,857.0,41.0,25.370800000000006,3.0
1.9799190198776883e-06,1.7460014031267555e-14,8.818549574995329e-09,0.014062135399289235,857.0,42.0,25.9896,3.0
1.7007186349261008e-06,1.4959203979076652e-14,8.795813529571078e-09,0.013968187900038846,857.0,43.0,26.608400000000003,3.0
1.4223406021747577e-06,1.2463558397983763e-14,8.762710126482357e-09,0.013890300830917388,857.0,44.0,27.2272,3.0
1.7397344086485175e-05,1.8070000466121352e-13,1.0386643142937387e-08,0.04117881237693578,977.0,1.0,0.6188000000000001,3.0
1.699858211013857e-05,1.7545762642944043e-13,1.0321897749624137e-08,0.04020578466860849,977.0,2.0,1.2376000000000003,3.0
1.66012693929541e-05,1.7031617366757835e-13,1.0259225944484933e-08,0.039255742217698515,977.0,3.0,1.8564000000000005,3.0
1.6205405934931778e-05,1.6527296902263387e-13,1.0198631844598076e-08,0.03832859490009339,977.0,4.0,2.4752000000000005,3.0
1.581099173607165e-05,1.60325352603418e-13,1.014011994185331e-08,0.03742425259168059,977.0,5.0,3.0940000000000003,3.0
1.541802679637361e-05,1.554706819805445e-13,1.0083695146846672e-08,0.03654262516834766,977.0,6.0,3.712800000000001,3.0
1.5026511115837657e-05,1.507063321864316e-13,1.0029362839095098e-08,0.035683622505982074,977.0,7.0,4.331600000000001,3.0
1.4636444694465024e-05,1.460296957153008e-13,9.977128924657773e-09,0.0348471544804713,977.0,8.0,4.950400000000001,3.0
1.4247827532253357e-05,1.4143818252317777e-13,9.926999902476268e-09,0.034033130967702906,977.0,9.0,5.5692,3.0
1.3860659629204207e-05,1.3692922002789177e-13,9.87898294099827e-09,0.03324146184356438,977.0,10.0,6.188000000000001,3.0
1.3474940985317305e-05,1.3250025310907603e-13,9.833085967014789e-09,0.03247205698394321,977.0,11.0,6.8068,3.0
1.3090671600593025e-05,1.2814874410816695e-13,9.78931776902582e-09,0.03172482626472689,977.0,12.0,7.425600000000002,3.0
1.270785147503049e-05,1.2387217282840525e-13,9.747688117995417e-09,0.030999679561802954,977.0,13.0,8.044400000000001,3.0
1.2326480608630306e-05,1.1966803653483536e-13,9.708207908999634e-09,0.03029652675105889,977.0,14.0,8.663200000000002,3.0
1.1946559001392722e-05,1.155338499543054e-13,9.670889328118378e-09,0.02961527770838218,977.0,15.0,9.282000000000002,3.0
1.1568086653316665e-05,1.1146714527546704e-13,9.635746049975213e-09,0.02895584230966037,977.0,16.0,9.900800000000002,3.0
1.119106356440315e-05,1.0746547214877608e-13,9.602793472695955e-09,0.028318130430780936,977.0,17.0,10.519600000000002,3.0
1.081548973465167e-05,1.0352639768649183e-13,9.57204899883584e-09,0.027702051947631413,977.0,18.0,11.1384,3.0
1.044136516406303e-05,9.964750646267748e-14,9.543532373107984e-09,0.027107516736099246,977.0,19.0,11.757200000000001,3.0
1.0068689852635834e-05,9.58264005131998e-14,9.517266090792723e-09,0.026534434672071994,977.0,20.0,12.376000000000001,3.0
9.697463800371154e-06,9.206069933572969e-14,9.49327589469385e-09,0.025982715631437142,977.0,21.0,12.9948,3.0
9.327687007268752e-06,8.834803988974144e-14,9.471591383897721e-09,0.02545226949008219,977.0,22.0,13.6136,3.0
8.959359473328545e-06,8.468607659651336e-14,9.452246764807075e-09,0.02494300612389464,977.0,23.0,14.2324,3.0
8.592481198550478e-06,8.107248133912732e-14,9.435281784824151e-09,0.024454835408762005,977.0,24.0,14.851200000000004,3.0
8.22705218293469e-06,7.750494346246907e-14,9.42074290269326e-09,0.023987667220571784,977.0,25.0,15.470000000000004,3.0
7.863072426481336e-06,7.398116977322817e-14,9.408684768573875e-09,0.023541411435211466,977.0,26.0,16.088800000000003,3.0
7.500541929189804e-06,7.049888453989796e-14,9.39917211388926e-09,0.023115977928568576,977.0,27.0,16.707600000000003,3.0
7.139460691060493e-06,6.705582949277534e-14,9.39228218970905e-09,0.022711276576530624,977.0,28.0,17.326400000000003,3.0
6.7798287120936995e-06,6.364976382396111e-14,9.388107948866637e-09,0.02232721725498509,977.0,29.0,17.945200000000003,3.0
6.421645992289102e-06,6.027846418735985e-14,9.386762250634839e-09,0.02196370983981948,977.0,30.0,18.564000000000004,3.0
6.0649125316463784e-06,5.693972469867992e-14,9.388383493013557e-09,0.021620664206921318,977.0,31.0,19.182800000000004,3.0
5.709628330166118e-06,5.3631356935433366e-14,9.393143272054803e-09,0.021297990232178092,977.0,32.0,19.801600000000004,3.0
5.35579338784808e-06,5.0351189936936113e-14,9.401256973650147e-09,0.020995597791477312,977.0,33.0,20.4204,3.0
5.003407704692211e-06,4.709707020430758e-14,9.412998696896078e-09,0.020713396760706475,977.0,34.0,21.039200000000005,3.0
4.652471280698537e-06,4.3866861700471354e-14,9.4287227268784e-09,0.020451297015753094,977.0,35.0,21.658,3.0
4.3029841158671925e-06,4.065844585015451e-14,9.448895174915257e-09,0.020209208432504656,977.0,36.0,22.2768,3.0
3.95494621019783e-06,3.7469721539887925e-14,9.47414188422392e-09,0.019987040886848693,977.0,37.0,22.895600000000005,3.0
3.6083575636910107e-06,3.429860511800637e-14,9.505323270380699e-09,0.019784704254672675,977.0,38.0,23.514400000000002,3.0
3.2632181763460386e-06,3.114303039464813e-14,9.543655591401579e-09,0.019602108411864133,977.0,39.0,24.133200000000002,3.0
2.9195280481635835e-06,2.8000948641755512e-14,9.590916127477669e-09,0.019439163234310552,977.0,40.0,24.752000000000002,3.0
2.5772871791430834e-06,2.4870328593074448e-14,9.649808835561557e-09,0.01929577859789946,977.0,41.0,25.370800000000006,3.0
2.2364955692850723e-06,2.174915644415467e-14,9.724658855956106e-09,0.019171864378518328,977.0,42.0,25.9896,3.0
1.8971532185890167e-06,1.863543585234967e-14,9.822841755611882e-09,0.01906733045205469,977.0,43.0,26.608400000000003,3.0
1.5592601270553705e-06,1.5527187936816715e-14,9.95804847914599e-09,0.01898208669439603,977.0,44.0,27.2272,3.0
2.0350513793249523e-05,1.8300960961700644e-13,8.992874159163128e-09,0.049312211934604576,1097.0,1.0,0.6188000000000001,3.0
1.9871274234557866e-05,1.7808874412408191e-13,8.962119994014785e-09,0.04820629377699762,1097.0,2.0,1.2376000000000003,3.0
1.9394125790034033e-05,1.7324773771740037e-13,8.933000620550083e-09,0.047127309948129255,1097.0,3.0,1.8564000000000005,3.0
1.8919068459677434e-05,1.684841932023662e-13,8.905522677369646e-09,0.04607513179836338,1097.0,4.0,2.4752000000000005,3.0
1.8446102243489194e-05,1.6379573688506405e-13,8.879693646004701e-09,0.04504963067806384,1097.0,5.0,3.0940000000000003,3.0
1.7975227141468086e-05,1.5918001857225986e-13,8.855521953602372e-09,0.044050677937594526,1097.0,6.0,3.712800000000001,3.0
1.7506443153614958e-05,1.5463471157140003e-13,8.833017090594388e-09,0.04307814492731931,1097.0,7.0,4.331600000000001,3.0
1.7039750279930507e-05,1.5015751269061264e-13,8.812189745965281e-09,0.042131902997602,1097.0,8.0,4.950400000000001,3.0
1.657514852041228e-05,1.4574614223870616e-13,8.793051963258123e-09,0.04121182349880658,1097.0,9.0,5.5692,3.0
1.611263787506241e-05,1.413983440251698e-13,8.775617321109943e-09,0.04031777778129686,1097.0,10.0,6.188000000000001,3.0
1.5652218343880308e-05,1.371118853601738e-13,8.75990114294449e-09,0.03944963719543672,1097.0,11.0,6.8068,3.0
1.5193889926866297e-05,1.3288455705456993e-13,8.745920741442217e-09,0.038607273091590025,1097.0,12.0,7.425600000000002,3.0
1.4737652624019469e-05,1.2871417341989043e-13,8.733695704708882e-09,0.03779055682012066,1097.0,13.0,8.044400000000001,3.0
1.4283506435340623e-05,1.2459857226834804e-13,8.723248232665266e-09,0.0369993597313925,1097.0,14.0,8.663200000000002,3.0
1.3831451360829976e-05,1.2053561491283723e-13,8.714603534245759e-09,0.03623355317576937,1097.0,15.0,9.282000000000002,3.0
1.3381487400486192e-05,1.1652318616693308e-13,8.707790298610559e-09,0.035493008503615225,1097.0,16.0,9.900800000000002,3.0
1.293361455431071e-05,1.1255919434489145e-13,8.702841256961382e-09,0.034777597065293875,1097.0,17.0,10.519600000000002,3.0
1.2487832822302464e-05,1.0864157126164926e-13,8.699793855954127e-09,0.03408719021116924,1097.0,18.0,11.1384,3.0
1.2044142204463003e-05,1.0476827223282414e-13,8.698691069423098e-09,0.03342165929160512,1097.0,19.0,11.757200000000001,3.0
1.1602542700790084e-05,1.0093727607471508e-13,8.699582382734234e-09,0.03278087565696547,1097.0,20.0,12.376000000000001,3.0
1.116303431128552e-05,9.714658510430166e-14,8.702524994130774e-09,0.032164710657614115,1097.0,21.0,12.9948,3.0
1.0725617035948621e-05,9.339422513924451e-14,8.70758529101112e-09,0.03157303564391494,1097.0,22.0,13.6136,3.0
1.029029087477944e-05,8.96782454978851e-14,8.714840677407697e-09,0.031005721966231824,1097.0,23.0,14.2324,3.0
9.857055827778053e-06,8.599671899924594e-14,8.72438185415361e-09,0.030462640974928623,1097.0,24.0,14.851200000000004,3.0
9.425911894944225e-06,8.234774196303039e-14,8.736315688161614e-09,0.029943664020369232,1097.0,25.0,15.470000000000004,3.0
8.996859076278671e-06,7.872943420962274e-14,8.750768856344834e-09,0.029448662452917482,1097.0,26.0,16.088800000000003,3.0
8.569897371780276e-06,7.51399390600882e-14,8.767892519636899e-09,0.028977507622937285,1097.0,27.0,16.707600000000003,3.0
8.14502678144962e-06,7.157742333617297e-14,8.787868383587302e-09,0.028530070880792513,1097.0,28.0,17.326400000000003,3.0
7.722247305287006e-06,6.804007736030423e-14,8.810916650353953e-09,0.028106223576847025,1097.0,29.0,17.945200000000003,3.0
7.301558943292212e-06,6.452611495558994e-14,8.837306588460634e-09,0.027705837061464685,1097.0,30.0,18.564000000000004,3.0
6.8829616954647895e-06,6.103377344581889e-14,8.867370784009198e-09,0.027328782685009385,1097.0,31.0,19.182800000000004,3.0
6.466455561805376e-06,5.756131365546118e-14,8.90152466143146e-09,0.026974931797844985,1097.0,32.0,19.801600000000004,3.0
6.052040542313546e-06,5.4107019909667364e-14,8.94029369621235e-09,0.026644155750335366,1097.0,33.0,20.4204,3.0
5.639716636989566e-06,5.066920003426941e-14,8.984352104136248e-09,0.0263363258928444,1097.0,34.0,21.039200000000005,3.0
5.2294838458333816e-06,4.724618535577985e-14,9.03457908057666e-09,0.026051313575735945,1097.0,35.0,21.658,3.0
4.8213421688448344e-06,4.383633070139227e-14,9.092142637097918e-09,0.025788990149373893,1097.0,36.0,22.2768,3.0
4.41529160602395e-06,4.043801439898121e-14,9.158628241860648e-09,0.025549226964122106,1097.0,37.0,22.895600000000005,3.0
4.01133215737105e-06,3.704963827710199e-14,9.236242929676412e-09,0.025331895370344457,1097.0,38.0,23.514400000000002,3.0
3.6094638228856515e-06,3.3669627664991133e-14,9.328152134815785e-09,0.025136866718404823,1097.0,39.0,24.133200000000002,3.0
3.209686602568157e-06,3.029643139256585e-14,9.4390621714671e-09,0.024964012358667076,1097.0,40.0,24.752000000000002,3.0
2.812000496418219e-06,2.6928521790424333e-14,9.576286286124235e-09,0.024813203641495085,1097.0,41.0,25.370800000000006,3.0
2.416405504436265e-06,2.3564394689845732e-14,9.751837862719645e-09,0.024684311917252726,1097.0,42.0,25.9896,3.0
2.0229016266218665e-06,2.020256942279014e-14,9.98692628297863e-09,0.024577208536303866,1097.0,43.0,26.608400000000003,3.0
1.6314888629752382e-06,1.6841588821898528e-14,1.0322834071441737e-08,0.02449176484901239,1097.0,44.0,27.2272,3.0
2.174279920994352e-05,2.008220388397361e-13,9.2362550424462e-09,0.056150630250731824,1217.0,1.0,0.6188000000000001,3.0
2.121770546060665e-05,1.966530159781337e-13,9.268345078276483e-09,0.055036738016148286,1217.0,2.0,1.2376000000000003,3.0
2.0695257152926216e-05,1.9248861630516678e-13,9.301098067194095e-09,0.05395057034065569,1217.0,3.0,1.8564000000000005,3.0
2.017545428690046e-05,1.8832836371598004e-13,9.334529029081545e-09,0.05289197910603284,1217.0,4.0,2.4752000000000005,3.0
1.96582968625313e-05,1.8417179398161084e-13,9.368654633181482e-09,0.05186081619405841,1217.0,5.0,3.0940000000000003,3.0
1.914378487981815e-05,1.8001845474899e-13,9.403493398986628e-09,0.05085693348651106,1217.0,6.0,3.712800000000001,3.0
1.863191833876059e-05,1.7586790554094215e-13,9.439065926726309e-09,0.049880182865169556,1217.0,7.0,4.331600000000001,3.0
1.812269723936011e-05,1.7171971775618484e-13,9.475395162660017e-09,0.048930416211812516,1217.0,8.0,4.950400000000001,3.0
1.761612158161393e-05,1.6757347466932844e-13,9.51250670546155e-09,0.04800748540821873,1217.0,9.0,5.5692,3.0
1.7112191365524455e-05,1.634287714308779e-13,9.550429161289894e-09,0.04711124233616687,1217.0,10.0,6.188000000000001,3.0
1.661090659109105e-05,1.5928521506723032e-13,9.589194556825693e-09,0.046241538877435616,1217.0,11.0,6.8068,3.0
1.611226725831344e-05,1.5514242448067643e-13,9.62883882158966e-09,0.045398226913803706,1217.0,12.0,7.425600000000002,3.0
1.5616273367191677e-05,1.5100003044940055e-13,9.669402353485783e-09,0.04458115832704983,1217.0,13.0,8.044400000000001,3.0
1.5122924917726035e-05,1.4685767562748015e-13,9.710930684800521e-09,0.04379018499895267,1217.0,14.0,8.663200000000002,3.0
1.4632221909916781e-05,1.4271501454488584e-13,9.75347527009297e-09,0.04302515881129093,1217.0,15.0,9.282000000000002,3.0
1.4144164343762254e-05,1.3857171360748164e-13,9.797094422802958e-09,0.04228593164584338,1217.0,16.0,9.900800000000002,3.0
1.3658752219264488e-05,1.344274510970248e-13,9.84185443436235e-09,0.04157235538438866,1217.0,17.0,10.519600000000002,3.0
1.3175985536422414e-05,1.3028191717116608e-13,9.887830918683647e-09,0.04088428190870549,1217.0,18.0,11.1384,3.0
1.2695864295236778e-05,1.2613481386344938e-13,9.935110436772117e-09,0.04022156310057256,1217.0,19.0,11.757200000000001,3.0
1.2218388495706404e-05,1.2198585508331198e-13,9.983792471992388e-09,0.03958405084176858,1217.0,20.0,12.376000000000001,3.0
1.174355813783215e-05,1.178347666160843e-13,1.0033991847536974e-08,0.03897159701407229,1217.0,21.0,12.9948,3.0
1.1271373221614014e-05,1.1368128612299043e-13,1.0085841706048284e-08,0.03838405349926234,1217.0,22.0,13.6136,3.0
1.0801833747051676e-05,1.0952516314114743e-13,1.0139497210003066e-08,0.03782127217911747,1217.0,23.0,14.2324,3.0
1.0334939714145348e-05,1.053661590835659e-13,1.0195140174775484e-08,0.03728310493541637,1217.0,24.0,14.851200000000004,3.0
9.870691122894767e-06,1.0120404723914928e-13,1.0252984920621169e-08,0.03676940364993774,1217.0,25.0,15.470000000000004,3.0
9.409087973300785e-06,9.703861277269496e-14,1.0313285734818463e-08,0.03628002020446027,1217.0,26.0,16.088800000000003,3.0
8.95013026536212e-06,9.286965272489316e-14,1.0376346485626896e-08,0.03581480648076268,1217.0,27.0,16.707600000000003,3.0
8.493817999079359e-06,8.869697601232765e-14,1.0442533148454733e-08,0.03537361436062368,1217.0,28.0,17.326400000000003,3.0
8.040151174452557e-06,8.452040342747538e-14,1.0512290328077104e-08,0.03495629572582199,1217.0,29.0,17.945200000000003,3.0
7.589129791482246e-06,8.033976763870657e-14,1.0586163347591829e-08,0.03456270245813625,1217.0,30.0,18.564000000000004,3.0
7.140753850167253e-06,7.61549131902851e-14,1.066482822237338e-08,0.03419268643934523,1217.0,31.0,19.182800000000004,3.0
6.695023350508485e-06,7.196569650236758e-14,1.074913301040269e-08,0.033846099551227596,1217.0,32.0,19.801600000000004,3.0
6.2519382925054625e-06,6.777198587100439e-14,1.0840155916485347e-08,0.03352279367556207,1217.0,33.0,20.4204,3.0
5.811498676158719e-06,6.357366146813903e-14,1.0939288643211034e-08,0.033222620694127326,1217.0,34.0,21.039200000000005,3.0
5.373704501467557e-06,5.937061534160824e-14,1.1048358785897912e-08,0.03294543248870211,1217.0,35.0,21.658,3.0
4.938555768432463e-06,5.516275141514217e-14,1.1169814415733786e-08,0.0326910809410651,1217.0,36.0,22.2768,3.0
4.506052477053326e-06,5.094998548836431e-14,1.1307011125108419e-08,0.032459417932995005,1217.0,37.0,22.895600000000005,3.0
4.076194627330253e-06,4.6732245236791425e-14,1.1464674655979125e-08,0.03225029534627052,1217.0,38.0,23.514400000000002,3.0
3.648982219262899e-06,4.2509470211833445e-14,1.1649678638450707e-08,0.03206356506267035,1217.0,39.0,24.133200000000002,3.0
3.2244152528515297e-06,3.8281611840793836e-14,1.1872419908366107e-08,0.03189907896397322,1217.0,40.0,24.752000000000002,3.0
2.8024937280961187e-06,3.4048633426869187e-14,1.2149405754424369e-08,0.031756688931957815,1217.0,41.0,25.370800000000006,3.0
2.3832176449968527e-06,2.981051014914945e-14,1.250851352654735e-08,0.03163624684840282,1217.0,42.0,25.9896,3.0
1.9665870035530904e-06,2.5567229062617897e-14,1.3000812583641016e-08,0.03153760459508699,1217.0,43.0,26.608400000000003,3.0
1.5526018037656607e-06,2.1318789098151132e-14,1.3731008843635768e-08,0.03146061405378897,1217.0,44.0,27.2272,3.0
2.0763213539946438e-05,1.5481168055207952e-13,7.456055887217874e-09,0.05946350289538907,1337.0,1.0,0.6188000000000001,3.0
2.024422715470081e-05,1.5275732338414596e-13,7.54572265055201e-09,0.05845943068262444,1337.0,2.0,1.2376000000000003,3.0
1.9728326039773906e-05,1.5063642562377245e-13,7.635540152777138e-09,0.057481607826958055,1337.0,3.0,1.8564000000000005,3.0
1.9215510195162852e-05,1.484498952451889e-13,7.725524523546525e-09,0.05652985966358809,1337.0,4.0,2.4752000000000005,3.0
1.8705779620870524e-05,1.461986564161182e-13,7.815694367157013e-09,0.055604011527712556,1337.0,5.0,3.0940000000000003,3.0
1.819913431689629e-05,1.4388364949777306e-13,7.906071079666125e-09,0.05470388875452957,1337.0,6.0,3.712800000000001,3.0
1.7695574283239126e-05,1.4150583104485765e-13,7.996679213677116e-09,0.053829316679237224,1337.0,7.0,4.331600000000001,3.0
1.7195099519901282e-05,1.3906617380556661e-13,8.087546899313613e-09,0.05298012063703353,1337.0,8.0,4.950400000000001,3.0
1.669771002687944e-05,1.3656566672158703e-13,8.17870633169147e-09,0.052156125963116674,1337.0,9.0,5.5692,3.0
1.62034058041758e-05,1.3400531492809516e-13,8.270194337388037e-09,0.05135715799268474,1337.0,10.0,6.188000000000001,3.0
1.5712186851790508e-05,1.3138613975375925e-13,8.362053035207313e-09,0.05058304206093576,1337.0,11.0,6.8068,3.0
1.5224053169722614e-05,1.2870917872073922e-13,8.454330609979362e-09,0.04983360350306785,1337.0,12.0,7.425600000000002,3.0
1.4739004757972593e-05,1.259754855446843e-13,8.547082222532149e-09,0.04910866765427909,1337.0,13.0,8.044400000000001,3.0
1.4257041616540555e-05,1.2318613013473634e-13,8.640371084546727e-09,0.04840805984976756,1337.0,14.0,8.663200000000002,3.0
1.3778163745426715e-05,1.2034219859352702e-13,8.73426973412704e-09,0.04773160542473132,1337.0,15.0,9.282000000000002,3.0
1.33023711446292e-05,1.174447932171797e-13,8.828861557106514e-09,0.04707912971436855,1337.0,16.0,9.900800000000002,3.0
1.2829663814150626e-05,1.144950324953088e-13,8.924242611020344e-09,0.04645045805387724,1337.0,17.0,10.519600000000002,3.0
1.2360041753989342e-05,1.1149405111101943e-13,9.020523824285099e-09,0.045845415778455564,1337.0,18.0,11.1384,3.0
1.1893504964146358e-05,1.0844299994090767e-13,9.117833663652155e-09,0.045263828223301536,1337.0,19.0,11.757200000000001,3.0
1.1430053444620983e-05,1.0534304605506135e-13,9.216321390398755e-09,0.04470552072361325,1337.0,20.0,12.376000000000001,3.0
1.0969687195412788e-05,1.0219537271705838e-13,9.316161062440649e-09,0.04417031861458886,1337.0,21.0,12.9948,3.0
1.051240621652311e-05,9.900117938396785e-14,9.417556489432508e-09,0.04365804723142638,1337.0,22.0,13.6136,3.0
1.0058210507950932e-05,9.576168170635048e-14,9.520747416317412e-09,0.04316853190932393,1337.0,23.0,14.2324,3.0
9.607100069696471e-06,9.247811152825713e-14,9.62601730567577e-09,0.0427015979834796,1337.0,24.0,14.851200000000004,3.0
9.159074901759936e-06,8.91517168872308e-14,9.733703222592939e-09,0.04225707078909146,1337.0,25.0,15.470000000000004,3.0
8.714135004141546e-06,8.578376201430421e-14,9.844208515651176e-09,0.04183477566135759,1337.0,26.0,16.088800000000003,3.0
8.272280376840443e-06,8.23755273340022e-14,9.958019262091927e-09,0.04143453793547611,1337.0,27.0,16.707600000000003,3.0
7.83351101985689e-06,7.892830946433985e-14,1.0075725848124457e-08,0.041056182946645106,1337.0,28.0,17.326400000000003,3.0
7.397826933191591e-06,7.544342121682368e-14,1.0198051657350096e-08,0.04069953603006263,1337.0,29.0,17.945200000000003,3.0
6.965228116844219e-06,7.192219159645122e-14,1.0325891756871486e-08,0.040364422520926785,1337.0,30.0,18.564000000000004,3.0
6.535714570814133e-06,6.836596580171067e-14,1.0460365895873958e-08,0.04005066775443568,1337.0,31.0,19.182800000000004,3.0
6.109286295102191e-06,6.477610522458165e-14,1.060289239947923e-08,0.03975809706578737,1337.0,32.0,19.801600000000004,3.0
5.685943289707696e-06,6.115398745053466e-14,1.075529324417136e-08,0.03948653579017997,1337.0,33.0,20.4204,3.0
5.265685554631717e-06,5.750100625853103e-14,1.0919946825908151e-08,0.03923580926281153,1337.0,34.0,21.039200000000005,3.0
4.8485130898725445e-06,5.381857162102332e-14,1.1100015741617412e-08,0.03900574281888019,1337.0,35.0,21.658,3.0
4.434425895431675e-06,5.010810970395511e-14,1.1299796385271937e-08,0.03879616179358401,1337.0,36.0,22.2768,3.0
4.02342397130868e-06,4.6371062866760825e-14,1.1525273796009603e-08,0.03860689152212106,1337.0,37.0,22.895600000000005,3.0
3.6155073175034e-06,4.2608889662366055e-14,1.1785037595163432e-08,0.038437757339689446,1337.0,38.0,23.514400000000002,3.0
3.210675934015728e-06,3.8823064837187316e-14,1.209186652127475e-08,0.03828858458148726,1337.0,39.0,24.133200000000002,3.0
2.8089298208459306e-06,3.501507933113214e-14,1.246562981790235e-08,0.038159198582712585,1337.0,40.0,24.752000000000002,3.0
2.410268977993955e-06,3.1186440277599213e-14,1.2938987541363704e-08,0.0380494246785635,1337.0,41.0,25.370800000000006,3.0
2.014693405459962e-06,2.73386710034781e-14,1.3569643365778816e-08,0.0379590882042381,1337.0,42.0,25.9896,3.0
1.6222031032432554e-06,2.347331102914942e-14,1.4470019803450906e-08,0.03788801449493447,1337.0,43.0,26.608400000000003,3.0
1.2327980713447985e-06,1.959191606848475e-14,1.5892234522327647e-08,0.037836028885850706,1337.0,44.0,27.2272,3.0
1.6660626198178935e-05,2.071289020504291e-13,1.24322399162325e-08,0.0618179621828042,1457.0,1.0,0.6188000000000001,3.0
1.623092944828843e-05,2.055981081998463e-13,1.2667056982465465e-08,0.061123943811216296,1457.0,2.0,1.2376000000000003,3.0
1.5804125334681296e-05,2.038805737065583e-13,1.2900465504354958e-08,0.06044832861145577,1457.0,3.0,1.8564000000000005,3.0
1.5380213857356247e-05,2.0198107052269935e-13,1.3132526790327642e-08,0.05979098861880156,1457.0,4.0,2.4752000000000005,3.0
1.4959195016315642e-05,1.9990434211321865e-13,1.3363308780665516e-08,0.059151795868532545,1457.0,5.0,3.0940000000000003,3.0
1.4541068811557765e-05,1.976551034558813e-13,1.3592886879042749e-08,0.0585306223959277,1457.0,6.0,3.712800000000001,3.0
1.4125835243082727e-05,1.9523804104126692e-13,1.3821344910338873e-08,0.05792734023626596,1457.0,7.0,4.331600000000001,3.0
1.371349431089288e-05,1.926578128727721e-13,1.4048776227641738e-08,0.057341821424826155,1457.0,8.0,4.950400000000001,3.0
1.3304046014984046e-05,1.899190484666075e-13,1.4275284996211376e-08,0.056773937996887326,1457.0,9.0,5.5692,3.0
1.2897490355359123e-05,1.8702634885180076e-13,1.4500987688204642e-08,0.05622356198772835,1457.0,10.0,6.188000000000001,3.0
1.249382733201757e-05,1.8398428657019393e-13,1.4726014829635327e-08,0.05569056543262818,1457.0,11.0,6.8068,3.0
1.2093056944959657e-05,1.8079740567644417e-13,1.4950513050531848e-08,0.0551748203668657,1457.0,12.0,7.425600000000002,3.0
1.169517919418442e-05,1.77470221738026e-13,1.517464750144875e-08,0.05467619882571987,1457.0,13.0,8.044400000000001,3.0
1.1300194079692767e-05,1.7400722183522732e-13,1.539860471493409e-08,0.05419457284446961,1457.0,14.0,8.663200000000002,3.0
1.0908101601485183e-05,1.7041286456115328e-13,1.5622596010469033e-08,0.053729814458393796,1457.0,15.0,9.282000000000002,3.0
1.0518901759558938e-05,1.6669158002172385e-13,1.5846861567106536e-08,0.05328179570277145,1457.0,16.0,9.900800000000002,3.0
1.0132594553917454e-05,1.6284776983567418e-13,1.607167532157044e-08,0.05285038861288143,1457.0,17.0,10.519600000000002,3.0
9.74917998455822e-06,1.5888580713455503e-13,1.6297350893738257e-08,0.05243546522400271,1457.0,18.0,11.1384,3.0
9.368658051483265e-06,1.548100365627337e-13,1.652424879977596e-08,0.05203689757141417,1457.0,19.0,11.757200000000001,3.0
8.991028754691256e-06,1.5062477427739142e-13,1.6752785291538502e-08,0.051654557690394745,1457.0,20.0,12.376000000000001,3.0
8.616292094181708e-06,1.463343079485262e-13,1.6983443266430213e-08,0.051288317616223406,1457.0,21.0,12.9948,3.0
8.244448069956282e-06,1.4194289675895072e-13,1.7216785836302005e-08,0.050938049384179035,1457.0,22.0,13.6136,3.0
7.875496682013851e-06,1.3745477140429355e-13,1.7453473343238697e-08,0.05060362502954057,1457.0,23.0,14.2324,3.0
7.509437930354739e-06,1.3287413409299905e-13,1.7694284888605798e-08,0.050284916587586936,1457.0,24.0,14.851200000000004,3.0
7.146271814978678e-06,1.2820515854632663e-13,1.7940145836267655e-08,0.049981796093597076,1457.0,25.0,15.470000000000004,3.0
6.785998335886416e-06,1.2345198999835114e-13,1.8192163317444332e-08,0.04969413558284989,1457.0,26.0,16.088800000000003,3.0
6.428617493076938e-06,1.1861874519596362e-13,1.8451672591145095e-08,0.04942180709062431,1457.0,27.0,16.707600000000003,3.0
6.07412928655035e-06,1.1370951239887008e-13,1.8720298339821566e-08,0.0491646826521993,1457.0,28.0,17.326400000000003,3.0
5.722533716307669e-06,1.0872835137959204e-13,1.9000036831542944e-08,0.04892263430285376,1457.0,29.0,17.945200000000003,3.0
5.373830782348412e-06,1.0367929342346672e-13,1.9293367733875302e-08,0.04869553407786658,1457.0,30.0,18.564000000000004,3.0
5.028020484671565e-06,9.856634132864679e-14,1.9603408862222493e-08,0.048483254012516755,1457.0,31.0,19.182800000000004,3.0
4.685102823278677e-06,9.339346940610038e-14,1.9934134410468025e-08,0.04828566614208316,1457.0,32.0,19.801600000000004,3.0
4.3450777981685725e-06,8.816462347961116e-14,2.0290689275292626e-08,0.04810264250184476,1457.0,33.0,20.4204,3.0
4.007945409342376e-06,8.288372088577851e-14,2.0679852747639613e-08,0.047934055127080454,1457.0,34.0,21.039200000000005,3.0
3.673705656798694e-06,7.755465047401694e-14,2.1110741501701823e-08,0.04777977605306918,1457.0,35.0,21.658,3.0
3.3423585405387044e-06,7.218127260655674e-14,2.1595909514519924e-08,0.04763967731508985,1457.0,36.0,22.2768,3.0
3.0139040605617124e-06,6.676741915844383e-14,2.2153133549314153e-08,0.04751363094842143,1457.0,37.0,22.895600000000005,3.0
2.6883422168684663e-06,6.131689351753924e-14,2.280844050760942e-08,0.047401508988342785,1457.0,38.0,23.514400000000002,3.0
2.36567300945779e-06,5.583347058451999e-14,2.3601516507692232e-08,0.047303183470132903,1457.0,39.0,24.133200000000002,3.0
2.0458964383307526e-06,5.0320896772878195e-14,2.4596013674052353e-08,0.047218526429070685,1457.0,40.0,24.752000000000002,3.0
1.7290125034868729e-06,4.478289000892176e-14,2.5900847980340686e-08,0.04714740990043507,1457.0,41.0,25.370800000000006,3.0
1.4150212049264716e-06,3.9223139731774025e-14,2.771911798580585e-08,0.047089705919504954,1457.0,42.0,25.9896,3.0
1.1039225426490144e-06,3.364530689337374e-14,3.047795981467793e-08,0.047045286521559294,1457.0,43.0,26.608400000000003,3.0
7.957165166550354e-07,2.8053023958475358e-14,3.5255047961555764e-08,0.04701402374187699,1457.0,44.0,27.2272,3.0
1.2238366514875643e-05,7.992522267752279e-14,6.530710007775489e-09,0.06254282579962157,1577.0,1.0,0.6188000000000001,3.0
1.1924215198160456e-05,7.944019574604808e-14,6.662090076863364e-09,0.06198932488290866,1577.0,2.0,1.2376000000000003,3.0
1.1612108619585541e-05,7.887071959815041e-14,6.792110044951118e-09,0.06145007359124492,1577.0,3.0,1.8564000000000005,3.0
1.1302046779150153e-05,7.82193150970138e-14,6.920809710442149e-09,0.06092498596749356,1577.0,4.0,2.4752000000000005,3.0
1.0994029676856428e-05,7.748847748107229e-14,7.048232518800051e-09,0.06041397605451763,1577.0,5.0,3.0940000000000003,3.0
1.0688057312702225e-05,7.668067636401403e-14,7.174426008446161e-09,0.059916957895180305,1577.0,6.0,3.712800000000001,3.0
1.038412968668787e-05,7.57983557347783e-14,7.299442324179505e-09,0.059433845532344765,1577.0,7.0,4.331600000000001,3.0
1.0082246798816245e-05,7.484393395755604e-14,7.423338810387329e-09,0.05896455300887401,1577.0,8.0,4.950400000000001,3.0
9.782408649082433e-06,7.381980377179045e-14,7.54617869891528e-09,0.058508994367631316,1577.0,9.0,5.5692,3.0
9.484615237490073e-06,7.272833229217729e-14,7.668031909686986e-09,0.05806708365147976,1577.0,10.0,6.188000000000001,3.0
9.188866564037662e-06,7.157186100866339e-14,7.788975986306425e-09,0.057638734903282494,1577.0,11.0,6.8068,3.0
8.895162628726595e-06,7.035270578644931e-14,7.909097193934137e-09,0.057223862165902604,1577.0,12.0,7.425600000000002,3.0
8.603503431554838e-06,6.90731568659854e-14,8.028491813305687e-09,0.05682237948220328,1577.0,13.0,8.044400000000001,3.0
8.31388897252389e-06,6.773547886297652e-14,8.147267673026637e-09,0.05643420089504764,1577.0,14.0,8.663200000000002,3.0
8.026319251634281e-06,6.634191076837693e-14,8.265545973002345e-09,0.056059240447298764,1577.0,15.0,9.282000000000002,3.0
7.740794268883022e-06,6.489466594839478e-14,8.383463465663056e-09,0.055697412181819894,1577.0,16.0,9.900800000000002,3.0
7.457314024273534e-06,6.339593214448996e-14,8.50117507967834e-09,0.055348630141474106,1577.0,17.0,10.519600000000002,3.0
7.175878517803997e-06,6.184787147337452e-14,8.618857094629517e-09,0.05501280836912452,1577.0,18.0,11.1384,3.0
6.89648774947516e-06,6.02526204270114e-14,8.736711006497005e-09,0.05468986090763429,1577.0,19.0,11.757200000000001,3.0
6.619141719286704e-06,5.861228987261679e-14,8.854968266026642e-09,0.05437970179986654,1577.0,20.0,12.376000000000001,3.0
6.3438404272378786e-06,5.69289650526582e-14,8.973896128948689e-09,0.054082245088684436,1577.0,21.0,12.9948,3.0
6.070583873330182e-06,5.5204705584856356e-14,9.093804934873972e-09,0.053797404816951076,1577.0,22.0,13.6136,3.0
5.799372057562545e-06,5.344154546218247e-14,9.215057239256306e-09,0.053525095027529626,1577.0,23.0,14.2324,3.0
5.5302049799356076e-06,5.164149305286086e-14,9.338079373228253e-09,0.05326522976328319,1577.0,24.0,14.851200000000004,3.0
5.263082640448623e-06,4.98065311003674e-14,9.4633762194017e-09,0.053017723067074925,1577.0,25.0,15.470000000000004,3.0
4.998005039102658e-06,4.793861672343076e-14,9.591550298244129e-09,0.05278248898176793,1577.0,26.0,16.088800000000003,3.0
4.7349721758964336e-06,4.603968141602997e-14,9.723326707260672e-09,0.05255944155022539,1577.0,27.0,16.707600000000003,3.0
4.473984050830588e-06,4.4111631047397613e-14,9.85958611971546e-09,0.052348494815310426,1577.0,28.0,17.326400000000003,3.0
4.215040663905389e-06,4.215634586201823e-14,1.0001409054725188e-08,0.05214956281988615,1577.0,29.0,17.945200000000003,3.0
3.9581420151209986e-06,4.01756804796277e-14,1.0150136181609328e-08,0.0519625596068157,1577.0,30.0,18.564000000000004,3.0
3.7032881044758112e-06,3.817146389521446e-14,1.0307451869348284e-08,0.05178739921896226,1577.0,31.0,19.182800000000004,3.0
3.4504789319721267e-06,3.614549947901883e-14,1.0475502152496788e-08,0.05162399569918889,1577.0,32.0,19.801600000000004,3.0
3.1997144976081803e-06,3.4099564976533235e-14,1.0657064873138841e-08,0.05147226309035878,1577.0,33.0,20.4204,3.0
2.9509948013850416e-06,3.20354125085019e-14,1.0855801065276754e-08,0.051332115435335036,1577.0,34.0,21.039200000000005,3.0
2.7043198433017476e-06,2.9954768570921364e-14,1.1076636754012464e-08,0.05120346677698082,1577.0,35.0,21.658,3.0
2.4596896233594754e-06,2.7859334035040202e-14,1.1326361574428879e-08,0.05108623115815924,1577.0,36.0,22.2768,3.0
2.2171041415568344e-06,2.575078414735872e-14,1.161460287980731e-08,0.05098032262173345,1577.0,37.0,22.895600000000005,3.0
1.9765633978956966e-06,2.363076852962982e-14,1.1955482204511013e-08,0.05088565521056654,1577.0,38.0,23.514400000000002,3.0
1.7380673923737082e-06,2.1500911178857777e-14,1.2370585440587328e-08,0.05080214296752171,1577.0,39.0,24.133200000000002,3.0
1.5016161249927415e-06,1.9362810467299514e-14,1.2894647403572008e-08,0.05072969993546205,1577.0,40.0,24.752000000000002,3.0
1.2672095957517266e-06,1.7218039142463598e-14,1.3587364868595092e-08,0.05066824015725074,1577.0,41.0,25.370800000000006,3.0
1.0348478046517334e-06,1.50681443271107e-14,1.4560734689079924e-08,0.05061767767575086,1577.0,42.0,25.9896,3.0
8.045307516917458e-07,1.2914647519253837e-14,1.6052397614506668e-08,0.05057792653382556,1577.0,43.0,26.608400000000003,3.0
5.762584368720845e-07,1.0759044592157705e-14,1.8670519863548572e-08,0.05054890077433802,1577.0,44.0,27.2272,3.0
1.0463231918103948e-05,1.011638065268915e-13,9.668504656945757e-09,0.0653409128809842,1697.0,1.0,0.6188000000000001,3.0
1.019719912356528e-05,9.944471519646727e-14,9.752159783430618e-09,0.06482757607446864,1697.0,2.0,1.2376000000000003,3.0
9.932799066950485e-06,9.770137909382548e-14,9.836238348856607e-09,0.0643276513518695,1697.0,3.0,1.8564000000000005,3.0
9.670031748258072e-06,9.593430878715323e-14,9.920785296742642e-09,0.06384105385220125,1697.0,4.0,2.4752000000000005,3.0
9.408897167489428e-06,9.414401417598317e-14,1.0005850048109685e-08,0.06336769871447825,1697.0,5.0,3.0940000000000003,3.0
9.149395324644019e-06,9.233100449119153e-14,1.0091487056253513e-08,0.06290750107771492,1697.0,6.0,3.712800000000001,3.0
8.891526219721203e-06,9.049578829499965e-14,1.0177756445713679e-08,0.06246037608092566,1697.0,7.0,4.331600000000001,3.0
8.635289852723652e-06,8.863887348097292e-14,1.026472475072917e-08,0.062026238863124805,1697.0,8.0,4.950400000000001,3.0
8.380686223647304e-06,8.676076727402222e-14,1.0352465771742452e-08,0.06160500456332683,1697.0,9.0,5.5692,3.0
8.127715332495153e-06,8.486197623040206e-14,1.044106157250835e-08,0.06119658832054609,1697.0,10.0,6.188000000000001,3.0
7.876377179266021e-06,8.294300623771205e-14,1.053060364555082e-08,0.060800905273797,1697.0,11.0,6.8068,3.0
7.62667176396066e-06,8.100436251489583e-14,1.0621194280010405e-08,0.06041787056209396,1697.0,12.0,7.425600000000002,3.0
7.3785990865783205e-06,7.904654961224193e-14,1.0712948174136156e-08,0.060047399324451335,1697.0,13.0,8.044400000000001,3.0
7.132159147118999e-06,7.707007141138333e-14,1.0805994344996552e-08,0.05968940669988357,1697.0,14.0,8.663200000000002,3.0
6.887351945584089e-06,7.507543112529854e-14,1.0900478401344668e-08,0.05934380782740499,1697.0,15.0,9.282000000000002,3.0
6.644177481970703e-06,7.306313129830883e-14,1.099656526282887e-08,0.059010517846030085,1697.0,16.0,9.900800000000002,3.0
6.40263575628162e-06,7.1033673806081e-14,1.1094442431211229e-08,0.058689451894773204,1697.0,17.0,10.519600000000002,3.0
6.1627267685158795e-06,6.898755985562672e-14,1.1194323948949053e-08,0.05838052511264875,1697.0,18.0,11.1384,3.0
5.924450518673372e-06,6.69252899853017e-14,1.1296455219662785e-08,0.05808365263867111,1697.0,19.0,11.757200000000001,3.0
5.687807006754314e-06,6.484736406480657e-14,1.1401118917677732e-08,0.057798749611854675,1697.0,20.0,12.376000000000001,3.0
5.452796232757742e-06,6.275428129518592e-14,1.1508642284886567e-08,0.057525731171213894,1697.0,21.0,12.9948,3.0
5.219418196684938e-06,6.064654020882941e-14,1.161940621032215e-08,0.05726451245576315,1697.0,22.0,13.6136,3.0
4.987672898535689e-06,5.85246386694712e-14,1.1733856622123958e-08,0.05701500860451679,1697.0,23.0,14.2324,3.0
4.757560338309783e-06,5.638907387219019e-14,1.185251890934998e-08,0.05677713475648923,1697.0,24.0,14.851200000000004,3.0
4.529080516006789e-06,5.4240342343408935e-14,1.1976016357340384e-08,0.0565508060506949,1697.0,25.0,15.470000000000004,3.0
4.302233431627886e-06,5.2078939940895555e-14,1.2105093963065097e-08,0.05633593762614813,1697.0,26.0,16.088800000000003,3.0
4.0770190851709336e-06,4.990536185376261e-14,1.2240649555769805e-08,0.05613244462186341,1697.0,27.0,16.707600000000003,3.0
3.853437476638072e-06,4.7720102602466804e-14,1.2383774977997091e-08,0.05594024217685509,1697.0,28.0,17.326400000000003,3.0
3.6314886060284436e-06,4.552365603880931e-14,1.2535811337322627e-08,0.05575924543013757,1697.0,29.0,17.945200000000003,3.0
3.411172473342585e-06,4.3316515345936385e-14,1.2698424276240369e-08,0.05558936952072521,1697.0,30.0,18.564000000000004,3.0
3.192489078578891e-06,4.109917303833855e-14,1.2873708265474629e-08,0.05543052958763248,1697.0,31.0,19.182800000000004,3.0
2.9754384217393944e-06,3.8872120961850774e-14,1.3064333873569713e-08,0.055282640769873735,1697.0,32.0,19.801600000000004,3.0
2.7600205028225968e-06,3.663585029365281e-14,1.3273760197138513e-08,0.05514561820646341,1697.0,33.0,20.4204,3.0
2.5462353218299966e-06,3.43908515422687e-14,1.3506548765316697e-08,0.055019377036415816,1697.0,34.0,21.039200000000005,3.0
2.3340828787596684e-06,3.213761454756757e-14,1.376884036124951e-08,0.054903832398745425,1697.0,35.0,21.658,3.0
2.1235631736132163e-06,2.9876628480762465e-14,1.4069102747684098e-08,0.05479889943246663,1697.0,36.0,22.2768,3.0
1.914676206389784e-06,2.760838184441143e-14,1.4419347643363881e-08,0.05470449327659382,1697.0,37.0,22.895600000000005,3.0
1.7074219770902289e-06,2.533336247241672e-14,1.4837200652406723e-08,0.05462052907014136,1697.0,38.0,23.514400000000002,3.0
1.501800485713052e-06,2.3052057530025544e-14,1.534961384639616e-08,0.054546921952123704,1697.0,39.0,24.133200000000002,3.0
1.2978117322599653e-06,2.0764953513829296e-14,1.5999973646154292e-08,0.0544835870615552,1697.0,40.0,24.752000000000002,3.0
1.0954557167293642e-06,1.847253625176416e-14,1.686287813341875e-08,0.05443043953745029,1697.0,41.0,25.370800000000006,3.0
8.947324391228532e-07,1.617529090311085e-14,1.807835526670769e-08,0.05438739451882333,1697.0,42.0,25.9896,3.0
6.956418994394696e-07,1.387370195849447e-14,1.9943741125532466e-08,0.054354367144688734,1697.0,43.0,26.608400000000003,3.0
4.981840976788926e-07,1.1568253239884841e-14,2.322084003440275e-08,0.054331272554060915,1697.0,44.0,27.2272,3.0
