Conc,Conc,Conc,Conc,Conc,Conc,Conc,Conc
0.0081896582162953,0.0076993609362288,0.0072616903426778,0.0070000459673552,0.0083453114829504,0.0091496454777733,0.0083407077102722,0.0086354439903502
0.0080187574878198,0.0075272908768579,0.0071193306068981,0.0068933095317473,0.0081899670745969,0.0089688199963995,0.0082024519852042,0.0084915847181624
0.0078524227561252,0.0073578081647885,0.0069777392459042,0.0067851910355991,0.008034593731913,0.0087902621098689,0.008064987438282,0.0083492842222449
0.0076906502539533,0.0071909775626785,0.006837024682046,0.0066758592538766,0.0078793559498589,0.0086140614149359,0.007928423271361,0.0082086272887868
0.0075334362140458,0.0070268638331858,0.0066972953376737,0.0065654829615458,0.0077244182233951,0.0084403075083551,0.0077928686862965,0.0080696987039774
0.0073807768691448,0.0068655317389683,0.0065586596351373,0.0064542309335726,0.0075699450474818,0.0082690899868809,0.0076584328849439,0.0079325832540058
0.0072326684519918,0.0067070460426838,0.0064212259967868,0.0063422719449231,0.0074161009170795,0.0081004984472679,0.0075252250691586,0.0077973657250612
0.0070891071953288,0.0065514715069901,0.0062851028449723,0.0062297747705632,0.0072630503271484,0.0079346224862704,0.0073933544407958,0.0076641309033329
0.0069500893318975,0.0063988728945453,0.0061503986020439,0.0061169081854589,0.0071109577726489,0.007771551700643,0.0072629302017111,0.0075329635750099
0.0068156110944398,0.006249314968007,0.0060172216903516,0.0060038409645762,0.0069599877485413,0.0076113756871402,0.0071340615537597,0.0074039485262815
0.0066856687156975,0.0061028624900331,0.0058856805322455,0.0058907418828811,0.0068103047497861,0.0074541840425163,0.007006857698797,0.0072771705433368
0.0065602584284125,0.0059595802232816,0.0057558835500757,0.0057777797153396,0.0066620732713435,0.007300066363526,0.0068814278386785,0.0071527144123651
0.0064393764653264,0.0058195329304103,0.0056279391661921,0.0056651232369176,0.0065154578081738,0.0071491122469237,0.0067578811752593,0.0070306649195556
0.0063230190591811,0.0056827853740771,0.0055019558029448,0.0055529412225813,0.0063706228552375,0.0070014112894639,0.0066363269103951,0.0069111068510974
0.0062111824427186,0.0055494023169398,0.005378041882684,0.0054414024472964,0.0062277329074948,0.006857053087901,0.006516874245941,0.0067941249931797
0.0061038628486804,0.0054194485216562,0.0052563058277596,0.0053306756860291,0.0060869524599062,0.0067161272389896,0.0063996323837524,0.0066798041319917
0.0060010565098086,0.0052929887508843,0.0051368560605217,0.0052209297137453,0.0059484460074319,0.0065787233394841,0.0062847105256848,0.0065682290537226
0.0059027596588448,0.0051700877672819,0.0050198010033204,0.0051123333054111,0.0058123780450323,0.006444930986139,0.0061722178735935,0.0064594845445616
0.005808968528531,0.0050508103335069,0.0049052490785057,0.0050050552359923,0.0056789130676677,0.0063148397757088,0.0060622636293338,0.0063536553906979
0.0057196793516088,0.0049352212122171,0.0047933087084277,0.004899264280455,0.0055482155702985,0.0061885393049479,0.0059549569947612,0.0062508263783207
0.0056348883608202,0.0048233851660704,0.0046840883154365,0.0047951292137652,0.0054204500478851,0.0060661191706109,0.0058504071717309,0.0061510822936191
0.005554591788907,0.0047153669577246,0.004577696321882,0.0046928188108889,0.0052957809953877,0.0059476689694523,0.0057487233620985,0.0060545079227823
0.0054787858686109,0.0046112313498377,0.0044742411501144,0.004592501846792,0.0051743729077667,0.0058332782982264,0.0056500147677191,0.0059611880519996
0.0054074668326738,0.0045110431050674,0.0043738312224837,0.0044943470964405,0.0050563902799825,0.0057230367536878,0.0055543905904482,0.0058712074674601
0.0053406309138375,0.0044148669860718,0.0042765749613399,0.0043985233348005,0.0049419976069954,0.005617033932591,0.0054619600321412,0.005784650955353
0.0052782743448438,0.0043227677555085,0.0041825807890332,0.0043051993368379,0.0048313593837658,0.0055153594316904,0.0053728322946535,0.0057016033018675
0.0052203933584345,0.0042348101760354,0.0040919571279135,0.0042145438775187,0.0047246401052539,0.0054181028477406,0.0052871165798403,0.0056221492931927
0.0051669841873514,0.0041510590103106,0.004004812400331,0.0041267257318089,0.0046220042664202,0.005325353777496,0.0052049220895571,0.005546373715518
0.0051180430643364,0.0040715790209917,0.0039212550286356,0.0040419136746745,0.0045236163622249,0.0052372018177111,0.0051263580256592,0.0054743613550324
0.0050735662221313,0.0039964349707366,0.0038413934351775,0.0039602764810814,0.0044296408876285,0.0051537365651403,0.005051533590002,0.0054061969979251
0.0050335498934778,0.0039256916222033,0.0037653360423067,0.0038819829259957,0.0043402423375912,0.0050750476165383,0.0049805579844409,0.0053419654303854
0.0049979903111178,0.0038594137380496,0.0036931912723733,0.0038072017843834,0.0042555852070735,0.0050012245686593,0.0049135404108312,0.0052817514386024
0.0049668837077932,0.0037976660809334,0.0036250675477272,0.0037361018312103,0.0041758339910356,0.004932357018258,0.0048505900710283,0.0052256398087653
0.0049402263162456,0.0037405134135124,0.0035610732907187,0.0036688518414426,0.0041011531844379,0.0048685345620888,0.0047918161668875,0.0051737153270634
0.004918014369217,0.0036880204984446,0.0035013169236976,0.0036056205900463,0.0040317072822407,0.0048098467969062,0.0047373279002643,0.0051260627796857
0.0049002440994492,0.0036402520983879,0.0034459068690142,0.0035465768519872,0.0039676607794045,0.0047563833194646,0.004687234473014,0.0050827669528215
0.0048869117396839,0.003597272976,0.0033949515490183,0.0034918894022314,0.0039091781708894,0.0047082337265186,0.004641645086992,0.0050439126326599
0.004878013522663,0.0035591478939389,0.0033485593860602,0.0034417270157448,0.003856423951656,0.0046654876148226,0.0046006689440536,0.0050095846053902
0.0048735456811283,0.0035259416148625,0.0033068388024898,0.0033962584674936,0.0038095626166644,0.0046282345811311,0.0045644152460541,0.0049798676572016
0.0176378709609484,0.0175994417344408,0.0168849999106178,0.0169239884920333,0.0196818432928747,0.0209083263468186,0.0194434214354192,0.0195131374424923
0.0172935195146768,0.017186758533444,0.0165317093821273,0.0165980904957126,0.0192642856601442,0.020480387479581,0.0191059399596239,0.019178539009809
0.0169596597136896,0.0167828103491903,0.0161830960945671,0.0162748234868138,0.0188518867486672,0.0200602666416679,0.018773404521033,0.0188505572182531
0.0166362315150726,0.0163876482930638,0.0158393135436086,0.0159544128434039,0.0184448625918484,0.0196480678231868,0.0184459499831041,0.0185292664170126
0.0163231748759113,0.016001323476449,0.0155005152249234,0.0156370839435499,0.0180434292230923,0.0192438950142449,0.018123711209295,0.0182147409552758
0.0160204297532915,0.01562388701073,0.0151668546341829,0.0153230621653188,0.0176478026758038,0.0188478522049496,0.0178068230630634,0.0179070551822307
0.0157279361042988,0.0152553900072911,0.0148384852670585,0.0150125728867776,0.0172581989833875,0.0184600433854083,0.017495420407867,0.0176062834470656
0.0154456338860188,0.0148958835775167,0.0145155606192219,0.0147058414859931,0.016874834179248,0.0180805725457283,0.0171896381071635,0.0173125000989686
0.0151734630555372,0.0145454188327908,0.0141982341863444,0.0144030933410324,0.0164979242967901,0.0177095436760169,0.0168896110244106,0.0170257794871278
0.0149113635699397,0.014204046884498,0.0138866594640975,0.0141045538299625,0.0161276853694184,0.0173470607663816,0.0165954740230661,0.0167461959607313
0.0146592753863118,0.0138718188440223,0.0135809899481528,0.0138104483308502,0.0157643334305376,0.0169932278069296,0.0163073619665876,0.0164738238689674
0.0144171384617394,0.0135487858227481,0.0132813791341817,0.0135210022217627,0.0154080845135525,0.0166481487877684,0.016025409718433,0.0162087375610241
0.0141848927533079,0.0132349989320597,0.0129879805178557,0.0132364408807668,0.0150591546518676,0.0163119276990051,0.0157497521420598,0.0159510113860897
0.0139624782181031,0.0129305092833413,0.0127009475948462,0.0129569896859296,0.0147177598788878,0.0159846685307473,0.0154805241009259,0.0157007196933521
0.0137498348132106,0.0126353679879771,0.0124204338608249,0.012682874015318,0.0143841162280176,0.0156664752731023,0.0152178604584888,0.0154579368319997
0.0135469024957161,0.0123496261573515,0.012146592811463,0.0124143192469989,0.0140584397326617,0.0153574519161773,0.0149618960782065,0.0152227371512205
0.0133536212227052,0.0120733349028488,0.0118795779424322,0.0121515507590394,0.0137409464262249,0.0150577024500798,0.0147127658235364,0.0149951950002028
0.0131699309512636,0.0118065453358531,0.011619542749404,0.0118947939295064,0.0134318523421118,0.0147673308649171,0.0144706045579365,0.0147753847281345
0.012995771638477,0.0115493085677488,0.0113666407280497,0.011644274136467,0.013131373513727,0.0144864411507966,0.0142355471448643,0.014563380684204
0.0128310832414309,0.0113016757099201,0.0111210253740409,0.0114002167579879,0.0128397259744754,0.0142151372978255,0.0140077284477777,0.0143592572175992
0.0126758057172111,0.0110636978737514,0.010882850183049,0.0111628471721363,0.0125571257577615,0.0139535232961113,0.0137872833301343,0.0141630886775085
0.0125298790229031,0.0108354261706268,0.0106522686507456,0.0109323907569792,0.0122837888969901,0.0137017031357613,0.0135743466553918,0.0139749494131198
0.0123932431155928,0.0106169117119306,0.0104294342728021,0.0107090728905834,0.0120199314255659,0.0134597808068828,0.013369053287008,0.0137949137736215
0.0122658379523656,0.0104082056090472,0.0102145005448901,0.0104931189510159,0.0117657693768934,0.0132278602995832,0.0131715380884405,0.0136230561082015
0.0121476034903073,0.0102093589733607,0.0100076209626809,0.0102847543163438,0.0115215187843775,0.0130060456039699,0.0129819359231471,0.0134594507660481
0.0120384796865035,0.0100204229162555,0.0098089490218461,0.0100842043646339,0.0112873956814228,0.0127944407101501,0.0128003816545855,0.0133041720963494
0.0119384064980398,0.0098414485491158,0.0096186382180572,0.0098916944739534,0.0110636161014339,0.0125931496082313,0.0126270101462135,0.0131572944482936
0.011847323882002,0.009672486983326,0.0094368420469856,0.009707450022369,0.0108503960778156,0.0124022762883208,0.0124619562614886,0.0130188921710687
0.0117651717954757,0.0095135893302701,0.0092637140043029,0.0095316963879479,0.0106479516439725,0.0122219247405259,0.0123053548638687,0.0128890396138631
0.0116918901955465,0.0093648067013326,0.0090994075856804,0.0093646589487569,0.0104564988333094,0.012052198954954,0.0121573408168115,0.0127678111258646
0.0116274190393001,0.0092261902078977,0.0089440762867898,0.0092065630828631,0.0102762536792309,0.0118932029217124,0.0120180489837747,0.0126552810562617
0.0115716982838221,0.0090977909613497,0.0087978736033024,0.0090576341683335,0.0101074322151416,0.0117450406309086,0.0118876142282159,0.0125515237542423
0.0115246678861982,0.0089796600730728,0.0086609530308898,0.0089180975832349,0.0099502504744464,0.0116078160726497,0.011766171413593,0.0124566135689946
0.0114862678035141,0.0088718486544514,0.0085334680652235,0.0087881787056344,0.0098049244905498,0.0114816332370433,0.0116538554033635,0.0123706248497069
0.0114564379928553,0.0087744078168696,0.0084155722019749,0.0086681029135989,0.0096716702968566,0.0113665961141965,0.0115508010609854,0.0122936319455671
0.0114351184113076,0.0086873886717117,0.0083074189368154,0.0085580955851954,0.0095507039267714,0.0112628086942169,0.0114571432499161,0.0122257092057635
0.0114222490159566,0.0086108423303621,0.0082091617654167,0.0084583820984909,0.009442241413699,0.0111703749672116,0.0113730168336136,0.0121669309794842
0.0213816991383175,0.008544819904205,0.0081209541834502,0.0083691878315524,0.0093464987910439,0.0110893989232882,0.0112985566755354,0.0121173716159174
0.0209842408606145,0.0084893725046246,0.0080429496865873,0.0082907381624468,0.009263692092211,0.0110199845525538,0.0112338976391393,0.0120771054642512
0.0205995707742923,0.0218691896077576,0.0214564842544305,0.0215279869963886,0.0253239880750865,0.0262888299843365,0.0248171063984191,0.0240274862084511
0.0202275931311936,0.0213600384960776,0.0210126795837655,0.0211124681893221,0.0247499699842945,0.025753820651539,0.02437994237561,0.0236341918332168
0.0198682121831613,0.0208626104928448,0.0205755379687746,0.0207014725000985,0.0241862404415026,0.0252295256441209,0.0239506436328284,0.0232495960645005
0.0195213321820383,0.0203769331516924,0.0201452173135418,0.0202952390724654,0.0236329646031907,0.0247160362801149,0.0235293246302075,0.0228737521014525
0.0191868573796673,0.0199030340262535,0.0197218755221512,0.0198940070501703,0.023090307625839,0.0242134438775536,0.0231160998278806,0.0225067131432232
0.0188646920278914,0.0194409406701613,0.019305670498687,0.0194980155769607,0.0225584346659275,0.0237218397544697,0.0227110836859809,0.0221485323889629
0.0185547403785533,0.018990680637049,0.0188967601472333,0.0191075037965844,0.0220375108799361,0.0232413152288958,0.0223143906646416,0.021799263037822
0.0182569066834958,0.0185522814805497,0.018495302371874,0.0187227108527888,0.0215277014243451,0.0227719616188646,0.0219261352239959,0.0214589582889509
0.0179710951945619,0.0181257707542965,0.0181014550766934,0.0183438758893215,0.0210291714556343,0.0223138702424086,0.0215464318241771,0.0211276713414999
0.0176972101635944,0.0177111760119228,0.0177153761657756,0.0179712380499301,0.0205420861302839,0.0218671324175606,0.0211753949253183,0.0208054553946193
0.0174351558424361,0.0173085248070615,0.0173372235432045,0.0176050364783621,0.0200666106047739,0.0214318394623532,0.0208131389875529,0.0204923636474595
0.0171848364829299,0.016917844693346,0.0169671551130645,0.0172455103183651,0.0196029100355844,0.0210080826948191,0.020459778471014,0.020188449299171
0.0169461563369187,0.0165391632244093,0.0166053287794394,0.0168928987136867,0.0191511495791953,0.0205959534329909,0.0201154278358349,0.0198937655489039
0.0167190196562453,0.0161725079538846,0.0162519024464135,0.0165474408080745,0.0187114943920868,0.0201955429949013,0.0197802015421487,0.0196083655958087
0.0165033306927525,0.015817906435405,0.0159070340180708,0.016209375745276,0.0182841096307389,0.0198069426985828,0.0194542140500888,0.0193323026390358
0.0162989936982832,0.0154753862226038,0.0155708813984955,0.0158789426690388,0.0178691604516316,0.0194302438620682,0.0191375798197884,0.0190656298777355
0.0161059129246803,0.0151449748691141,0.0152436024917716,0.0155563807231105,0.017466812011245,0.0190655378033901,0.0188304133113806,0.0188084005110581
0.0159239926237866,0.014826699928569,0.0149253552019833,0.0152419290512386,0.0170772294660592,0.0187129158405811,0.0185328289849987,0.018560667738154
0.015753137047445,0.0145205889546018,0.0146162974332146,0.0149358267971707,0.0167005779725541,0.018372469291674,0.018244941300776,0.0183224847581735
0.0155932504474983,0.0142266695008456,0.0143165870895496,0.0146383131046544,0.0163370226872099,0.0180442894747012,0.0179668647188455,0.0180939047702671
0.0154442370757894,0.0139449691209335,0.0140263820750725,0.0143496271174373,0.0159867287665065,0.0177284677076956,0.0176987136993407,0.0178749809735851
0.0153060011841612,0.0136755153684987,0.0137458402938673,0.0140700079792668,0.0156498613669241,0.0174250953086897,0.0174406027023947,0.0176657665672777
0.0151784470244564,0.0134183357971744,0.0134751196500182,0.0137996948338906,0.0153265856449426,0.0171342635957162,0.0171926461881407,0.0174663147504955
0.0150614788485179,0.0131734579605938,0.0132143780476091,0.0135389268250563,0.0150170667570422,0.0168560638868077,0.016954958616712,0.0172766787223887
0.0149550009081887,0.0129409094123899,0.0129637733907244,0.0132879430965114,0.0147214698597028,0.016590587499997,0.0167276544482418,0.0170969116821076
0.0148589174553115,0.0127207177061961,0.0127234635834479,0.0130469827920035,0.0144399601094045,0.0163379257533165,0.0165108481428633,0.0169270668288027
0.0147731327417292,0.0125129103956453,0.012493606529864,0.0128162850552802,0.0141727026626274,0.016098169964799,0.0163046541607098,0.0167671973616243
0.0146975510192847,0.0123175150343709,0.0122743601340565,0.0125960890300889,0.0139198626758515,0.0158714114524772,0.0161091869619144,0.0166173564797228
0.0146320765398207,0.0121345591760059,0.0120658823001097,0.0123866338601774,0.0136816053055568,0.0156577415343837,0.0159245610066104,0.0164775973822485
0.0145766135551803,0.0119640703741835,0.0118683309321076,0.0121881586892932,0.0134580957082235,0.015457251528551,0.015750890754931,0.0163479732683517
0.0145310663172061,0.011806076182537,0.0116818639341344,0.0120009026611838,0.0132494990403315,0.015270032753012,0.0155882906670095,0.0162285373371829
0.0144953390777412,0.0116606041546993,0.0115066392102741,0.0118251049195968,0.0130559804583608,0.0150961765257992,0.0154368752029791,0.0161193427878923
0.0144693360886282,0.0115276818443038,0.0113428146646109,0.0116610046082798,0.0128777051187917,0.0149357741649452,0.015296758822973,0.0160204428196304
0.0144529616017102,0.0114073368049836,0.0111905482012288,0.0115088408709803,0.012714838178104,0.0147889169884828,0.0151680559871244,0.0159318906315474
0.0144461198688298,0.0112995965903718,0.0110499977242119,0.011368852851446,0.0125675447927778,0.0146556963144445,0.0150508811555665,0.0158537394227938
0.0278898818929329,0.0112044887541016,0.0109213211376444,0.0112412796934243,0.0124359901192933,0.0145362034608631,0.0149453487884327,0.0157860423925199
0.0273822875860132,0.0111220408498062,0.0108046763456103,0.0111263605406629,0.0123203393141303,0.0144305297457711,0.014851573345856,0.0157288527398761
0.0268924146545682,0.0110522804311187,0.0107002212521937,0.0110243345369094,0.0122207575337691,0.0143387664872013,0.0147696692879699,0.0156822236640126
0.0264200831314856,0.0109952350516723,0.0106081137614788,0.0109354408259112,0.0121374099346895,0.0142610050031862,0.0146997510749073,0.0156462083640799
0.0259651130496534,0.0291957457265522,0.028672228872651,0.0291329088003065,0.0343739026508335,0.0351483092414898,0.032774395285061,0.0311563744197775
0.0255273244419592,0.0285225460773134,0.0280795677541587,0.0285077753126744,0.0335018904396445,0.0344031860900256,0.0321895029640975,0.0306754451396646
0.0251065373412908,0.0278663621594213,0.0274977239844342,0.0278957431859363,0.0326535217335967,0.0336777364741167,0.0316184443089071,0.0302068859841962
0.0247025717805361,0.0272271659177057,0.0269268287097923,0.0272969156162958,0.0318287095924197,0.0329718895686528,0.0310612363801436,0.0297506927901592
0.0243152477925828,0.0266049292969965,0.0263670130765475,0.0267113957999567,0.031027367075843,0.0322855745485237,0.030517896238461,0.0293068613943407
0.0239443854103188,0.0259996242421236,0.0258184082310147,0.0261392869331227,0.0302494072435963,0.0316187205886191,0.0299884409445133,0.0288753876335276
0.0235898046666318,0.0254112226979169,0.0252811453195083,0.0255806922119974,0.029494743155409,0.0309712568638287,0.0294728875589545,0.028456267344507
0.0232513255944096,0.0248396966092064,0.0247553554883432,0.0250357148327847,0.028763287871011,0.0303431125490425,0.0289712531424384,0.0280494963640658
0.0229287682265401,0.0242850179208218,0.024241169883834,0.0245044579916881,0.0280549544501316,0.0297342168191501,0.0284835547556191,0.0276550705289909
0.0226219525959111,0.0237471585775932,0.0237387196522953,0.0239870248849115,0.0273696559525004,0.0291444988490413,0.0280098094591505,0.0272729856760695
0.0223306987354103,0.0232260905243505,0.0232481359400418,0.0234835187086585,0.0267073054378472,0.0285738878136059,0.0275500343136865,0.0269032376420884
0.0220548266779255,0.0227217857059234,0.0227695498933883,0.0229940426591328,0.0260678159659013,0.0280223128877337,0.0271042463798812,0.0265458222638348
0.0217941564563446,0.022234216067142,0.0223030926586494,0.0225186999325383,0.0254511005963925,0.0274897032463144,0.0266724627183884,0.0262007353780954
0.0215485081035553,0.0217633535528361,0.0218488953821397,0.0220575937250784,0.0248570723890504,0.0269759880642378,0.0262547003898621,0.0258679728216575
0.0213177016524454,0.0213091701078356,0.021407089210174,0.0216108272329571,0.0242856444036044,0.0264810965163936,0.0258509764549563,0.0255475304313078
0.0211015571359028,0.0208716376769704,0.0209778052890668,0.021178503652378,0.0237367296997841,0.0260049577776717,0.0254613079743249,0.0252394040438335
0.0208998945868152,0.0204507282050705,0.0205611747651329,0.0207607261795448,0.0232102413373193,0.0255475010229619,0.0250857120086219,0.0249435894960215
0.0207125340380704,0.0200464136369657,0.020157328784687,0.0203575980106612,0.0227060923759394,0.0251086554271538,0.0247242056185013,0.0246600826246588
0.0205392955225562,0.0196586659174859,0.0197663984940437,0.0199692223419309,0.022224195875374,0.0246883501651372,0.0243768058646169,0.0243888792665323
0.0203799990731605,0.0192874569914611,0.0193885150395177,0.0195957023695577,0.0217644648953527,0.024286514411802,0.0240435298076227,0.0241299752584292
0.020234464722771,0.0189327588037211,0.0190238095674237,0.0192371412897452,0.0213268124956051,0.0239030773420379,0.0237243945081728,0.0238833664371363
0.0201025125042755,0.0185945432990958,0.0186724132240764,0.0188936422986972,0.0209111517358608,0.0235379681307347,0.0234194170269209,0.0236490486394406
0.0199839624505619,0.0182727824224152,0.0183344571557903,0.0185653085926174,0.0205173956758493,0.0231911159527821,0.0231286144245212,0.0234270177021292
0.0198786345945178,0.0179674481185091,0.0180100725088803,0.0182522433677095,0.0201454573753003,0.0228624499830699,0.0228520037616276,0.023217269461989
0.0197863489690312,0.0176785123322074,0.0176993904296609,0.0179545498201772,0.0197952498939433,0.0225518993964879,0.0225896020988939,0.0230197997558071
0.0197069256069898,0.0174059470083401,0.0174025420644469,0.0176723311462242,0.0194666862915079,0.0222593933679258,0.0223414264969742,0.0228346044203703
0.0196401845412814,0.0171497240917369,0.0171196585595528,0.0174056905420542,0.0191596796277237,0.0219848610722735,0.0221074940165225,0.0226616792924657
0.0195859458047938,0.016909815527228,0.0168508710612935,0.017154731203871,0.0188741429623203,0.0217282316844207,0.0218878217181926,0.0225010202088803
0.0195440294304148,0.0166861932596431,0.0165963107159836,0.0169195563278783,0.0186099893550272,0.0214894343792571,0.0216824266626385,0.0223526230064011
0.0195142554510323,0.0164788292338121,0.0163561086699376,0.0167002691102797,0.018367131865574,0.0212683983316726,0.0214913259105142,0.022216483521815
0.0194964438995339,0.0162876953945649,0.0161303960694704,0.016496972747279,0.0181454835536904,0.0210650527165569,0.0213145365224737,0.0220925975919091
0.0194904148088075,0.0161127636867315,0.0159193040608966,0.0163097704350799,0.0179449574791059,0.0208793267087998,0.0211520755591708,0.0219809610534703
0.0306046826022492,0.0159540060551417,0.0157229637905308,0.0161387653698861,0.0177654667015501,0.020711149483291,0.0210039600812596,0.0218815697432856
0.0300942054678288,0.0158113944446255,0.0155415064046878,0.0159840607479013,0.0176069242807526,0.0205604502149203,0.0208702071493939,0.0217944194981421
0.0296022462372736,0.0156849008000127,0.0153750630496822,0.0158457597653293,0.0174692432764429,0.0204271580785776,0.0207508338242278,0.0217195061548266
0.0291285999035567,0.0155744970661333,0.0152237648718286,0.0157239656183737,0.0173523367483506,0.0203112022491525,0.0206458571664152,0.0216568255501262
0.0286730614596513,0.0154801551878171,0.0150877430174418,0.0156187815032382,0.0172561177562054,0.0202125119015348,0.0205552942366101,0.0216063735208279
0.0282354258985305,0.015401847109894,0.0149671286328365,0.0155303106161267,0.0171804993597368,0.0201310162106143,0.0204791620954664,0.0215681459037187
0.0278154882131674,0.015339544777194,0.0148620528643272,0.0154586561532427,0.0171253946186743,0.0200666443512809,0.020417477803638,0.0215421385355855
0.0274130433965351,0.03265683668831,0.0323322271273664,0.0330032586472682,0.0388647041152228,0.0386787003106444,0.0366799799873265,0.0340804641322051
0.0270278864416068,0.0319174480559625,0.0316662090287301,0.0322867942739063,0.0378902097991972,0.037908054829261,0.0360101070179884,0.0335828227742135
0.0266598123413555,0.0311983889928011,0.0310142747807782,0.0315879244910493,0.0369445489296165,0.037159318811673,0.03535935659973,0.0330995350661212
0.0263086160887544,0.0304995633176074,0.0303764907018808,0.0309066552242391,0.0360275154397586,0.0364323531899053,0.0347276167000658,0.0326305357953089
0.0259740926767767,0.0298208748491633,0.0297529231104083,0.0302429923990178,0.0351389032629013,0.0357270188959831,0.0341147752865104,0.032175759749157
0.0256560370983953,0.0291622274062506,0.0291436383247309,0.0295969419409274,0.0342785063323225,0.0350431768619314,0.0335207203265782,0.0317351417150462
0.0253542443465835,0.0285235248076511,0.0285487026632189,0.0289685097755098,0.0334461185813001,0.0343806880197754,0.0329453397877839,0.031308616480357
0.0250685094143144,0.0279046708721464,0.0279681824442427,0.0283577018283071,0.032641533943112,0.0337394133015402,0.0323885216376418,0.03089611883247
0.0247986272945611,0.0273055694185185,0.0274021439861724,0.0277645240248612,0.0318645463510361,0.0331192136392508,0.0318501538436665,0.0304975835587657
0.0245443929802967,0.0267261242655491,0.0268506536073785,0.0271889822907142,0.0311149497383502,0.0325199499649324,0.0313301243733725,0.0301129454466248
0.0243056014644944,0.02616623923202,0.0263137776262311,0.0266310825514081,0.0303925380383322,0.0319414832106101,0.0308283211942744,0.0297421392834277
0.0240820477401272,0.0256258181367129,0.0257915823611006,0.0260908307324849,0.0296971051842601,0.0313836743083089,0.0303446322738866,0.0293850998565551
0.0238735268001682,0.0251047647984097,0.0252841341303572,0.0255682327594866,0.0290284451094116,0.0308463841900539,0.0298789455797236,0.0290417619533875
0.0236798336375907,0.0246029830358922,0.0247914992523713,0.0250632945579552,0.0283863517470647,0.0303294737878704,0.0294311490793001,0.0287120603613055
0.0235007632453677,0.024120376667942,0.0243137440455131,0.0245760220534327,0.0277706190304973,0.0298328040337833,0.0290011307401304,0.0283959298676896
0.0233361106164724,0.0236568495133411,0.0238509348281529,0.0241064211714611,0.0271810408929872,0.0293562358598177,0.0285887785297291,0.0280933052599204
0.0231856707438778,0.0232123053908712,0.023403137918661,0.0236544978375824,0.0266174112678123,0.0288996301979988,0.0281939804156107,0.0278041213253785
0.0230492386205571,0.0227866481193141,0.0229704196354077,0.0232202579773387,0.0260795240882505,0.0284628479803516,0.0278166243652898,0.0275283128514445
0.0229266092394834,0.0223797815174515,0.0225528462967632,0.0228037075162718,0.0255671732875797,0.0280457501389013,0.0274565983462808,0.0272658146254989
0.0228175775936298,0.0219916094040653,0.0221504842210979,0.0224048523799239,0.0250801527990778,0.027648197605673,0.0271137903260982,0.0270165614349222
0.0227219386759695,0.0216220355979373,0.021763399726782,0.0220236984938369,0.0246182565560226,0.0272700513126916,0.0267880882722566,0.0267804880670951
0.0226394874794756,0.0212709639178491,0.0213916591321859,0.0216602517835529,0.0241812784916921,0.0269111721919825,0.0264793801522705,0.0265575293093981
0.0225700189971211,0.0209382981825827,0.0210353287556798,0.0213145181746138,0.023769012539364,0.0265714211755705,0.0261875539336543,0.0263476199492118
0.0225133282218793,0.0206239422109198,0.0206944749156339,0.0209865035925617,0.0233812526323164,0.026250659195481,0.0259124975839227,0.0261506947739167
0.0224692101467231,0.0203277998216421,0.0203691639304187,0.0206762139629385,0.0230177927038271,0.0259487471837388,0.0256540990705901,0.0259666885708935
0.0224374597646259,0.0200497748335315,0.0200594621184043,0.0203836552112863,0.0226784266871739,0.0256655460723692,0.025412246361171,0.0257955361275226
0.0224178720685606,0.0197897710653698,0.0197654357979611,0.020108833263147,0.0223629485156348,0.0254009167933972,0.02518682742318,0.0256371722311847
0.0224102420515004,0.0195476923359387,0.0194871512874593,0.0198517540440627,0.0220711521224876,0.025154720278848,0.0249777302241315,0.0254915316692602
0.0358461399210823,0.0193234424640201,0.0192246749052693,0.0196124234795755,0.0218028314410102,0.0249268174607466,0.0247848427315401,0.0253585492291299
0.0352992014245345,0.0191169252683956,0.0189780729697612,0.0193908474952271,0.0215577804044805,0.0247170692711181,0.0246080529129202,0.0252381596981742
0.034772980087733,0.0189280445678472,0.0187474117993055,0.0191870320165598,0.0213357929461763,0.0245253366419876,0.0244472487357865,0.0251302978637737
0.0342672170028059,0.0187567041811565,0.0185327577122723,0.0190009829691155,0.0211366629993757,0.0243514805053803,0.0243023181676534,0.0250348985133089
0.0337816532618817,0.0186028079271054,0.0183341770270321,0.0188327062784361,0.0209601844973563,0.0241953617933212,0.0241731491760354,0.0249518964341605
0.0333160299570885,0.0184662596244756,0.018151736061955,0.0186822078700638,0.0208061513733962,0.0240568414378355,0.024059629728447,0.0248812264137091
0.0328700881805547,0.018346963092049,0.0179855011354113,0.0185494936695405,0.0206743575607732,0.0239357803709481,0.0239616477924028,0.0248228232393351
0.0324435690244085,0.0182448221486073,0.0178355385657714,0.0184345696024082,0.0205645969927652,0.0238320395246843,0.0238790913354172,0.0247766216984191
0.0320362135807783,0.0181597406129323,0.0177019146714054,0.0183374415942089,0.0204766636026501,0.0237454798310691,0.0238118483250048,0.0247425565783417
0.0316477629417924,0.0180916223038058,0.0175846957706838,0.0182581155704846,0.0204103513237057,0.0236759622221277,0.0237598067286802,0.0247205626664835
0.0312779581995791,0.0180403710400096,0.0174839481819768,0.0181965974567774,0.0203654540892099,0.023623347629885,0.0237228545139577,0.0247105747502251
0.0309265404462667,0.038999436456349,0.038654766670145,0.0390082147705366,0.0441748392536061,0.0440338033963549,0.042675505326889,0.0396043428885557
0.0305932507739834,0.0380957058889589,0.0378561304625825,0.0382034273640767,0.0431888309984599,0.0432784314684499,0.0419772773568496,0.039059680465761
0.0302778302748576,0.0372206767861479,0.0370781298850234,0.0374215786890494,0.0422340711051868,0.0425462290384963,0.0413011656694868,0.038533701478586
0.0299800200410176,0.0363740751070211,0.0363206875663042,0.0366625374251651,0.04131025980848,0.0418369820243555,0.0406469531471845,0.0380262086448706
0.0296995611645916,0.0355556268106833,0.0355837261352619,0.0359261722521343,0.0404170973430332,0.0411504763438887,0.0400144226723265,0.0375370046824551
0.0294361947377081,0.0347650578562397,0.0348671682207331,0.0352123518496675,0.0395542839435395,0.0404864979149575,0.0394033571272967,0.0370658923091795
0.0291896618524952,0.0340020942027952,0.0341709364515544,0.034520944897475,0.0387215198446925,0.039844832655423,0.0388135393944788,0.0366126742428839
0.0289597036010813,0.0332664618094549,0.0334949534565628,0.0338518200752675,0.0379185052811854,0.0392252664831467,0.0382447523562567,0.0361771532014084
0.0287460610755946,0.0325578866353238,0.0328391418645948,0.0332048460627553,0.0371449404877118,0.0386275853159898,0.0376967788950142,0.035759131902593
0.0285484753681636,0.0318760946395069,0.0322034243044872,0.0325798915396489,0.0364005256989649,0.0380515750718138,0.0371694018931352,0.0353584130642779
0.0283666875709164,0.0312208117811091,0.0315877234050767,0.0319768251856588,0.0356849611496381,0.0374970216684801,0.0366624042330035,0.0349747994043032
0.0282004387759814,0.0305917640192356,0.0309919617952002,0.0313955156804954,0.034997947074425,0.0369637110238499,0.0361755687970029,0.0346080936405089
0.0280494700754868,0.0299886773129913,0.0304160621036941,0.0308358317038693,0.0343391837080187,0.0364514290557846,0.0357086784675172,0.0342580984907352
0.0279135225615611,0.0294112776214813,0.0298599469593955,0.0302976419354909,0.0337083712851128,0.0359599616821455,0.0352615161269303,0.0339246166728221
0.0277923373263324,0.0288592909038106,0.0293235389911408,0.0297808150550707,0.0331052100404006,0.0354890948207941,0.0348338646576261,0.0336074509046097
0.0276856554619291,0.0283324431190841,0.028806760827767,0.029285219742319,0.0325294002085755,0.0350386143895916,0.0344255069419882,0.0333064039039382
0.0275932180604794,0.0278304602264069,0.0283095350981106,0.0288107246769465,0.031980642024331,0.0346083063063994,0.0340362258624006,0.0330212783886475
0.0275147662141117,0.027353068184884,0.0278317844310085,0.0283571985386636,0.0314586357223603,0.0341979564890789,0.0336658043012471,0.0327518770765779
0.0274500410149543,0.0268999929536204,0.0273734314552973,0.0279245100071807,0.0309630815373569,0.0338073508554915,0.0333140251409115,0.0324980026855693
0.0273987835551355,0.0264709604917212,0.0269343987998138,0.0275125277622083,0.0304936797040141,0.0334362753234983,0.0329806712637777,0.032259457933462
0.0273607349267835,0.0260656967582913,0.0265146090933947,0.0271211204834569,0.0300501304570254,0.0330845158109609,0.0326655255522294,0.0320360455380959
0.0273356362220268,0.0256839277124357,0.0261139849648768,0.0267501568506369,0.0296321340310842,0.0327518582357406,0.0323683708886506,0.0318275682173111
0.0273232285329935,0.0253253793132595,0.0257324490430967,0.0263995055434589,0.0292393906608838,0.0324380885156986,0.032088990155425,0.0316338286889478
0.0421172886331243,0.0249897775198678,0.0253699239568912,0.0260690352416332,0.0288716005811176,0.0321429925686965,0.0318271662349364,0.0314546296708461
0.0416395753722365,0.0246768482913654,0.025026332335097,0.0257586146248704,0.028528464026479,0.0318663563125954,0.0315826820095688,0.031289773880846
0.0411813914457339,0.0243863175868574,0.0247015968065509,0.0254681123728809,0.0282096812316615,0.0316079656652569,0.0313553203617058,0.0311390640367877
0.0407424460664133,0.0241179113654488,0.0243956400000895,0.0251973971653752,0.0279149524313583,0.0313676065445421,0.0311448641737315,0.0310023028565111
0.0403224484470713,0.0238713555862447,0.0241083845445497,0.0249463376820637,0.0276439778602629,0.0311450648683125,0.0309510963280295,0.0308792930578565
0.0399211078005049,0.0236463762083501,0.0238397530687681,0.024714802602657,0.0273964577530687,0.0309401265544295,0.0307737997069837,0.0307698373586639
0.0395381333395105,0.0234426991908699,0.0235896682015814,0.0245026606068655,0.027172092344469,0.0307525775207543,0.030612757192978,0.0306737384767734
0.039173234276885,0.0232600504929091,0.0233580525718265,0.0243097803743997,0.0269705818691573,0.0305822036851483,0.0304677516683962,0.030590799130025
0.0388261198254251,0.0230981560735729,0.0231448288083399,0.02413603058497,0.0267916265618269,0.0304287909654729,0.030338566015622,0.030520822036259
0.0384964991979276,0.0229567418919662,0.0229499195399585,0.0239812799182869,0.0266349266571712,0.0302921252795895,0.0302249831170394,0.0304636099133153
0.0381840816071891,0.022835533907194,0.022773247395519,0.0238453970540608,0.0265001823898837,0.0301719925453593,0.0301267858550321,0.0304189654790341
0.0378885762660063,0.0227342580783614,0.022614735003858,0.0237282506720023,0.0263870939946576,0.0300681786806437,0.0300437571119841,0.0303866914512554
0.0376096923871761,0.0226526403645733,0.0224743049938124,0.0236297094518218,0.0262953617061865,0.0299804696033042,0.029975679770279,0.0303665905478194
0.0373471391834951,0.0225904067249348,0.0223518799942188,0.0235496420732298,0.0262246857591636,0.0299086512312019,0.0299223367123008,0.0303584654865661
0.03710062586776,0.0225472831185508,0.022247382633914,0.0234879172159368,0.0261747663882824,0.0298525094821984,0.0298835108204333,0.0303621189853356
0.0368698616527676,0.0225229955045264,0.0221607355417348,0.0234444035596531,0.0261453038282363,0.0298118302741549,0.0298589849770603,0.0436737148371968
0.0366545557513146,0.0454105060864258,0.0451218538972085,0.0449571407858259,0.0476270116896099,0.0464998045511277,0.0454406126727123,0.0433963982198823
0.0364544173761978,0.0445410660609514,0.0443666186818246,0.0442684803051662,0.0469503790641078,0.0460873611859402,0.0450795023040097,0.0431280131435005
0.0362691557402138,0.0437013251617431,0.0436322706408457,0.0435994490263706,0.0462941928413772,0.0456866927703822,0.0447290138291549,0.0428684807746031
0.0360984800561593,0.0428909280252068,0.0429186700012229,0.0429499178330585,0.0456582813999954,0.0452977159904496,0.0443890667067908,0.0426177222797418
0.0359420995368312,0.0421095192877487,0.0422256769899077,0.0423197576088497,0.0450424731185398,0.0449203475321383,0.0440595803955604,0.0423756588254686
0.0357997233950261,0.0413567435857749,0.041553151833851,0.0417088392373636,0.0444465963755878,0.0445545040814443,0.0437404743541067,0.0421422115783351
0.0356710608435407,0.0406322455556916,0.0409009547600041,0.04111703360222,0.0438704795497166,0.0442001023243635,0.0434316680410727,0.0419173017048933
0.0355558210951719,0.0399356698339047,0.0402689459953182,0.0405442115870385,0.0433139510195037,0.0438570589468918,0.0431330809151012,0.0417008503716948
0.0354537133627162,0.0392666610568205,0.0396569857667444,0.0399902440754386,0.0427768391635263,0.0435252906350251,0.0428446324348353,0.0414927787452916
0.0353644468589705,0.0386248638608451,0.039064934301234,0.03945500195104,0.0422589723603619,0.0432047140747594,0.042566242058918,0.0412930079922354
0.0352877307967314,0.0380099228823845,0.0384926518257381,0.0389383560974622,0.0417601789885878,0.0428952459520906,0.0422978292459922,0.0411014592790781
0.0352232743887957,0.0374214827578449,0.037939998567208,0.0384401773983248,0.0412802874267813,0.0425968029530146,0.0420393134547008,0.0409180537723714
0.0351707868479601,0.0368591881236323,0.0374068347525947,0.0379603367372476,0.0408191260535197,0.0423093017635274,0.0417906141436869,0.0407427126386671
0.0351299773870213,0.0363226836161529,0.0368930206088495,0.0374987049978501,0.0403765232473805,0.0420326590696248,0.0415516507715934,0.0405753570445171
0.0351005552187761,0.0358116138718128,0.0363984163629237,0.0370551530637519,0.0399523073869409,0.0417667915573029,0.0413223427970633,0.0404159081564731
0.0350822295560211,0.0353256235270181,0.0359228822417682,0.0366295518185725,0.0395463068507784,0.0415116159125574,0.0411026096787395,0.040264287141087
0.0350747096115532,0.034864357218175,0.0354662784723344,0.0362217721459317,0.0391583500174702,0.0412670488213845,0.0408923708752651,0.0401204151649106
0.0423179158325811,0.0344274595816894,0.0350284652815735,0.035831684929449,0.0387882652655938,0.0410330069697799,0.0406915458452829,0.0399842133944956
0.0418946415680804,0.0340145752539676,0.0346093028964365,0.0354591610527441,0.0384358809737264,0.0408094070437396,0.040500054047436,0.0398556029963939
0.0414890227775563,0.0336253488714156,0.0342086515438747,0.0351040713994365,0.0381010255204453,0.0405961657292596,0.0403178149403673,0.0397345051371573
0.0411007892738488,0.0332594250704395,0.0338263714508394,0.0347662868531458,0.0377835272843281,0.0403931997123358,0.0401447479827198,0.0396208409833376
0.0407296708697979,0.0329164484874455,0.0334623228442816,0.0344456782974917,0.037483214643952,0.040200425678964,0.0399807726331365,0.0395145317014866
0.0403753973782438,0.0325960637588397,0.0331163659511526,0.0341421166160938,0.0371999159778943,0.0400177603151402,0.0398258083502603,0.0394154984581561
0.0400376986120263,0.0322979155210281,0.0327883609984035,0.0338554726925716,0.0369334596647324,0.0398451203068605,0.0396797745927341,0.0393236624198979
0.0397163043839854,0.0320216484104169,0.0324781682129855,0.0335856174105449,0.0366836740830437,0.0396824223401205,0.0395425908192011,0.0392389447532639
0.0394109445069613,0.0317669070634122,0.0321856478218499,0.0333324216536331,0.0364503876114054,0.0395295831009164,0.039414176488304,0.0391612666248057
0.0391213487937939,0.0315333361164201,0.0319106600519478,0.0330957563054559,0.036233428628395,0.039386519275244,0.039294451058686,0.0390905492010753
0.0388472470573233,0.0313205802058467,0.0316530651302303,0.032875492249633,0.0360326255125898,0.0392531475490993,0.0391833339889899,0.0390267136486244
0.0385883691103894,0.0311282839680982,0.0314127232836487,0.0326715003697839,0.0358478066425672,0.0391293846084782,0.0390807447378587,0.0389696811340048
0.0383444447658323,0.0309560920395805,0.0311894947391542,0.0324836515495281,0.0356788003969044,0.0390151471393765,0.0389866027639354,0.0389193728237684
0.0381152038364919,0.0308036490566999,0.030983239723698,0.0323118166724855,0.0355254351541788,0.0389103518277903,0.038900827525863,0.038875709884467
0.0379003761352084,0.0306705996558625,0.0307938184642311,0.0321558666222755,0.0353875392929679,0.0388149153597155,0.0388233384822845,0.0388386134826523
0.0376996914748217,0.0305565884734742,0.0306210911877049,0.0320156722825177,0.0352649411918488,0.038728754421148,0.0387540550918427,0.0388080047848762
0.0375128796681719,0.0304612601459414,0.0304649181210705,0.0318911045368318,0.0351574692293991,0.0386517856980837,0.0386928968131807,0.0387838049576904
0.0373396705280989,0.03038425930967,0.030325159491279,0.0317820342688373,0.035064951784196,0.0385839258765185,0.0386397831049414,0.0387659351676468
0.0371797938674428,0.0303252306010662,0.0302016755252818,0.031688332362154,0.0349872172348168,0.0385250916424484,0.0385946334257678,0.0432364013899533
0.0370329794990436,0.0302838186565361,0.0300943264500299,0.0316098697004013,0.034924093959839,0.0384751996818693,0.0385573672343029,0.0430100943206218
0.0368989572357413,0.0302596681124858,0.0300029724924745,0.031546517167199,0.0348754103378398,0.0384341666807772,0.0385279039891897,0.042791382097107
0.0367774568903759,0.0302524236053214,0.0299274738795669,0.0314981456461665,0.0348409947473967,0.0384019093251679,0.038506163149071,0.0425801936568406
0.0366682082757875,0.0454328055784451,0.0451256959772489,0.0448005209330082,0.0471770017244418,0.0461260170383117,0.0451667514544409,0.042376457937254
0.036570941204816,0.0446570268938707,0.0444649372680268,0.0442387113609164,0.0466339115512571,0.0458049972290518,0.0448759098489265,0.042180103875779
0.0364853854903016,0.0439076289069894,0.0438216846348122,0.043691861019695,0.0461063891326908,0.0454928306811225,0.044593555033312,0.0419910604098473
0.0364112709450841,0.0431842972422365,0.0431958407050003,0.0431599029355362,0.0455943290834684,0.0451894655362169,0.0443196260082178,0.0418092564768903
0.0363483273820036,0.0424867175240472,0.0425873081059862,0.0426427701346323,0.0450976260183157,0.0448948499360286,0.044054061774264,0.0416346210143398
0.0362962846139002,0.0418145753768568,0.0419959894651654,0.0421403956431758,0.0446161745519581,0.0446089320222506,0.043796801332071,0.0414670829596274
0.0362548724536138,0.0411675564251004,0.0414217874099328,0.0416527124873588,0.0441498692991214,0.0443316599365763,0.0435477836822589,0.0413065712501847
0.0362238207139845,0.0405453462932133,0.0408646045676838,0.0411796536933739,0.0436986048745311,0.044062981820699,0.0433069478254479,0.0411530148234433
0.0362028592078523,0.0399476306056308,0.0403243435658136,0.0407211522874132,0.0432622758929128,0.0438028458163119,0.0430742327622583,0.0410063426168349
0.0361917177480572,0.0393740949867882,0.0398009070317174,0.0402771412956692,0.0428407769689922,0.0435512000651084,0.0428495774933104,0.0408664835677911
0.0361901261474392,0.0388244250611205,0.0392941975927903,0.0398475537443342,0.0424340027174948,0.0433079927087816,0.0426329210192243,0.0407333666137436
0.04942764968996,0.0382983064530632,0.0388041178764277,0.0394323226596005,0.0420418477531463,0.0430731718890251,0.0424242023406203,0.0406069206921239
0.0492144515518832,0.0377954247870514,0.0383305705100248,0.0390313810676605,0.0416642066906723,0.0428466857475319,0.0422233604581186,0.0404870747403637
0.0490097524628134,0.0373154656875204,0.0378734581209767,0.0386446619947066,0.0413009741447984,0.0426284824259953,0.0420303343723394,0.0403737576958946
0.048813433519565,0.0368581147789054,0.0374326833366786,0.038272098466931,0.0409520447302502,0.0424185100661088,0.041845063083903,0.0402668984961483
0.0486253758189528,0.0364230576856417,0.0370081487845259,0.0379136235105261,0.0406173130617533,0.0422167168095655,0.0416674855934296,0.0401664260785563
0.0484454604577914,0.0360099800321644,0.0365997570919136,0.0375691701516842,0.0402966737540333,0.0420230507980587,0.0414975409015395,0.0400722693805503
0.0482735685328954,0.0356185674429089,0.0362074108862371,0.0372386714165977,0.0399900214218159,0.0418374601732818,0.0413351680088528,0.039984357339562
0.0481095811410794,0.0352485055423104,0.0358310127948915,0.036922060331459,0.0396972506798266,0.0416598930769279,0.0411803059159898,0.039902618893023
0.0479533793791581,0.0348994799548041,0.0354704654452721,0.0366192699224603,0.0394182561427911,0.0414902976506904,0.0410328936235708,0.0398269829783648
0.0478048443439461,0.0345711763048253,0.035125671464774,0.036330233215794,0.039152932425435,0.0413286220362626,0.0408928701322159,0.0397573785330191
0.047663857132258,0.0342632802168092,0.0347965334807925,0.0360548832376524,0.0389011741424839,0.0411748143753377,0.0407601744425454,0.0396937344944177
0.0475302988409085,0.033975477315191,0.0344829541207228,0.0357931530142279,0.0386628759086633,0.0410288228096091,0.0406347455551795,0.0396359797999919
0.0474040505667122,0.033707453224406,0.0341848360119601,0.0355449755717129,0.038437932338699,0.04089059548077,0.0405165224707384,0.0395840433871736
0.0472849934064838,0.0334588935688895,0.0339020817818997,0.0353102839362997,0.0382262380473165,0.0407600805305137,0.0404054441898424,0.0395378541933944
0.0471730084570378,0.0332294839730766,0.0336345940579367,0.0350890111341805,0.0380276876492415,0.0406372261005335,0.0403014497131118,0.0394973411560858
0.0470679768151889,0.0330189100614026,0.0333822754674664,0.0348810901915478,0.0378421757591995,0.0405219803325227,0.0402044780411667,0.0394624332126795
0.0469697795777517,0.0328268574583028,0.0331450286378839,0.0346864541345939,0.0376695969919161,0.0404142913681745,0.0401144681746273,0.0394330593006072
0.046878297841541,0.0326530117882124,0.0329227561965845,0.0345050359895111,0.037509845962117,0.0403141073491823,0.040031359114114,0.0394091483573004
0.0467934127033712,0.0324970586755666,0.0327153607709635,0.0343367687824917,0.0373628172845278,0.0402213764172393,0.0399550898602468,0.0393906293201907
0.046715005260057,0.0323586837448007,0.032522744988416,0.0341815855397282,0.0372284055738741,0.0401360467140388,0.0398855994136462,0.0393774311267099
0.0466429566084131,0.0322375726203499,0.0323448114763372,0.0340394192874129,0.0371065054448815,0.0400580663812741,0.0398228267749322,0.0393694827142896
0.0465771478452542,0.0321334109266495,0.0321814628621224,0.033910203051738,0.0369970115122757,0.0399873835606385,0.0397667109447252,0.0393667130203613
0.0465174600673947,0.0320458842881347,0.0320326017731667,0.033793869858896,0.0368998183907821,0.0399239463938252,0.0397171909236453,0.0393690509823567
0.0464637743716494,0.0319746783292407,0.0318981308368654,0.0336903527350792,0.0368148206951265,0.0398677030225276,0.0396742057123128,0.0504843416502097
0.0464159718548329,0.0319194786744028,0.0317779526806138,0.0335995847064798,0.0367419130400344,0.039818601588439,0.0396376943113479,0.050344009213664
0.0463739336137598,0.0318799709480563,0.0316719699318069,0.0335214987992904,0.0366809900402315,0.0397765902332525,0.0396075957213708,0.0502074367007843
0.0463375407452448,0.0318558407746363,0.0315800852178402,0.0334560280397031,0.0366319463104434,0.0397416170986615,0.0395838489430018,0.050074614407543
0.0463066743461025,0.0318467737785781,0.0315022011661086,0.0334031054539104,0.0365946764653957,0.0397136303263594,0.0395663929768612,0.0499455326299126
0.0462812155131476,0.0520208026725291,0.0517506737137321,0.0517335996263835,0.0551581506601791,0.0541377389887998,0.0530155021780976,0.0498201816638656
0.0462610453431945,0.0516096247357227,0.0514195210796104,0.0514380115276685,0.0547575613535651,0.0538669446911647,0.0527819105229935,0.0496985518053742
0.0478944931503268,0.051210979384267,0.0510953438934399,0.0511485018301538,0.0543669548134792,0.0536027534311981,0.0525541567705309,0.0495806333504111
0.0477205250505923,0.05082474676144,0.0507781503375131,0.0508650968056147,0.0539862903263845,0.0533451389296108,0.0523322170891184,0.0494664165949486
0.0475541645119602,0.0504508070105204,0.0504679485941231,0.0505878227258266,0.053615527178744,0.0530940749071135,0.0521160676471654,0.0493558918349593
0.0473952915470572,0.0500890402747861,0.0501647468455625,0.0503167058625645,0.0532546246570208,0.0528495350844168,0.0519056846130806,0.0492490493664154
0.04724378616851,0.0497393266975156,0.0498685532741243,0.0500517724876037,0.0529035420476778,0.0526114931822316,0.0517010441552732,0.0491458794852895
0.0470995283889455,0.0494015464219871,0.0495793760621011,0.0497930488727194,0.0525622386371783,0.0523799229212686,0.051502122442152,0.0490463724875541
0.0469623982209903,0.049075579591479,0.0492972233917859,0.049540561289687,0.0522306737119852,0.0521547980222384,0.0513088956421261,0.0489505186691815
0.0468322756772713,0.0487613063492695,0.0490221034454714,0.0492943360102816,0.0519088065585615,0.0519360922058518,0.0511213399236044,0.0488583083261442
0.0467090407704151,0.0484586068386369,0.0487540244054503,0.0490543993062785,0.0515965964633704,0.0517237791928196,0.050939431454996,0.0487697317544146
0.0465925735130486,0.0481673612028595,0.0484929944540157,0.0488207774494529,0.0512940027128748,0.0515178327038524,0.0507631464047099,0.0486847792499652
0.0464827539177985,0.0478874495852156,0.0482390217734601,0.04859349671158,0.0510009845935378,0.0513182264596609,0.0505924609411549,0.0486034411087685
0.0463794619972916,0.0476187521289835,0.0479921145460766,0.0483725833644352,0.0507175013918226,0.051124934180956,0.0504273512327402,0.0485257076267968
0.0462825777641546,0.0473611489774415,0.0477522809541577,0.0481580636797936,0.050443512394192,0.0509379295884482,0.0502677934478746,0.0484515691000227
0.0461919812310143,0.0471145202738678,0.0475195291799964,0.0479499639294304,0.0501789768871092,0.0507571864028484,0.0501137637549673,0.0483810158244185
0.0461075524104974,0.0468787461615408,0.0472938674058855,0.047748310385121,0.0499238541570372,0.0505826783448673,0.0499652383224271,0.0483140380959567
0.0460291713152307,0.0466537067837388,0.0470753038141178,0.0475531293186405,0.0496781034904391,0.0504143791352156,0.0498221933186631,0.0482506262106098
0.045956717957841,0.0464392822837399,0.046863846586986,0.0473644470017642,0.0494416841737779,0.0502522624946039,0.0496846049120842,0.0481907704643502
0.045890072350955,0.0462353528048226,0.046659503906783,0.0471822897062673,0.0492145554935166,0.0500963021437431,0.0495524492710995,0.0481344611531503
0.0458291145071995,0.0460417984902652,0.0464622839558016,0.0470066837039251,0.0489966767361184,0.0499464718033439,0.0494257025641179,0.0480816885729825
0.0457737244392012,0.0458584994833458,0.0462721949163346,0.0468376552665128,0.0487880071880463,0.049802745194117,0.0493043409595484,0.0480324430198194
0.0457237821595869,0.0456853359273429,0.0460892449706748,0.0466752306658056,0.0485885061357632,0.049665096036773,0.0491883406258,0.0479867147896334
0.0456791676809834,0.0455221879655346,0.045913442301115,0.0465194361735788,0.0483981328657323,0.0495334980520228,0.0490776777312818,0.0479444941783968
0.0456397610160174,0.0453689357411993,0.045744795089948,0.0463702980616076,0.0482168466644167,0.049407924960577,0.0489723284444025,0.0479057714820822
0.0456054421773156,0.0452254593976153,0.0455833115194667,0.0462278426016673,0.0480446068182793,0.0492883504831464,0.0488722689335714,0.047870536996662
0.0455760911775048,0.0450916390780609,0.0454289997719637,0.0460920960655331,0.0478813726137832,0.0491747483404417,0.0487774753671973,0.0478387810181086
0.0455515880292119,0.0449673549258143,0.045281868029732,0.0459630847249802,0.0477271033373915,0.0490670922531736,0.0486879239136893,0.0478104938423945
0.0455318127450635,0.0448524870841539,0.0451419244750644,0.0458408348517839,0.0475817582755672,0.0489653559420528,0.0486035907414563,0.0477856657654921
0.0455166453376863,0.0447469156963578,0.0450091772902536,0.0457253727177194,0.0474452967147733,0.0488695131277902,0.0485244520189073,0.0477642870833739
0.0455059658197073,0.0446505209057045,0.0448836346575925,0.0456167245945619,0.047317677941473,0.0487795375310963,0.0484504839144513,0.0482543733311921
0.045499654203753,0.0445631828554723,0.0447653047593738,0.0455149167540868,0.0471988612421292,0.0486954028726819,0.0483816625964973,0.0481517245849159
0.0454975905024504,0.0444847816889393,0.0446541957778904,0.0454199754680692,0.0470888059032051,0.0486170828732578,0.0483179642334543,0.0480522329310265
0.0502898206302759,0.044415197549384,0.0445503158954351,0.0453319270082843,0.0469874712111636,0.0485445512535346,0.0482593649937313,0.047955880101006
0.0501147145760228,0.0443543105800845,0.0444536732943006,0.0452507976465074,0.0468948164524678,0.0484777817342231,0.0482058410457372,0.0478626478263367
0.0499473183195706,0.0443020009243192,0.0443642761567799,0.0451766136545138,0.0468108009135808,0.048416748036034,0.0481573685578811,0.0477725178385006
0.0497875079178223,0.0442581487253664,0.0442821326651656,0.0451094013040787,0.0467353838809656,0.0483614238796781,0.0481139236985719,0.0476854718689801
0.0496351594276809,0.0442226341265043,0.0442072510017507,0.0450491868669773,0.0466685246410853,0.048311782985866,0.0480754826362186,0.0476014916492573
0.0494901489060491,0.0441953372710113,0.0441396393488278,0.0449959966149848,0.0466101824804028,0.0482677990753085,0.0480420215392303,0.0475205589108144
0.04935235240983,0.0504103626144385,0.0494595046728721,0.0492697038108436,0.0525787761103073,0.0516457093770148,0.0504868710408901,0.0474426553851334
0.0492216459959265,0.0500493762745197,0.0492280006524313,0.0490805014975171,0.0522816607821195,0.0514691851315092,0.0503294903022177,0.0473677628036967
0.0490979057212415,0.0496998661739333,0.0490002471544472,0.0488940827320898,0.0519914203819987,0.0512964144842476,0.0501760288527296,0.0472958628979864
0.048981007642678,0.0493617108129495,0.0487762914004057,0.0487105108453446,0.0517080496753946,0.0511274006732708,0.0500264737311877,0.0472269373994846
0.0488708278171388,0.0490347886918384,0.0485561806117931,0.048529849168065,0.0514315434277572,0.0509621469366196,0.0498808119763537,0.0471609680396736
0.0487672423015269,0.0487189783108702,0.0483399620100956,0.0483521610310342,0.0511618964045362,0.0508006565123347,0.0497390306269896,0.0470979365500355
0.0486701271527453,0.0484141581703149,0.0481276828167993,0.0481775097650354,0.0508991033711814,0.0506429326384569,0.0496011167218572,0.0470378246620525
0.0485793584276968,0.0481202067704427,0.0479193902533904,0.0480059587008518,0.0506431590931428,0.050488978553027,0.0494670572997184,0.0469806141072069
0.0484948121832845,0.0478370026115237,0.047715131541355,0.0478375711692666,0.05039405833587,0.0503387974940858,0.0493368393993349,0.0469262866169806
0.0484163644764111,0.0475644241938281,0.0475149539021794,0.0476724105010632,0.0501517958648129,0.050192392699674,0.0492104500594688,0.046874823922856
0.0483438913639797,0.0473023500176259,0.0473189045573496,0.0475105400270247,0.0499163664454214,0.0500497674078323,0.0490878763188818,0.0468262077563153
0.0482772689028932,0.0470506585831873,0.0471270307283519,0.0473520230779343,0.0496877648431452,0.0499109248566016,0.0489691052163358,0.0467804198488405
0.0482163731500545,0.0468092283907824,0.0469393796366724,0.0471969229845754,0.0494659858234343,0.0497758682840227,0.0488541237905927,0.0467374419319139
0.0481610801623666,0.0465779379406813,0.0467559985037974,0.0470453030777311,0.0492510241517383,0.0496446009281362,0.0487429190804143,0.0466972557370176
0.0481112659967323,0.0463566657331543,0.0465769345512129,0.0468972266881847,0.0490428745935072,0.0495171260269831,0.0486354781245625,0.0466598429956339
0.0480668067100546,0.0461452902684713,0.0464022350004051,0.0467527571467194,0.0488415319141908,0.0493934468186039,0.0485317879617992,0.0466251854392449
0.0480275783592364,0.0459436900469026,0.0462319470728602,0.0466119577841185,0.0486469908792389,0.0492735665410396,0.0484318356308861,0.0465932647993328
0.0479934570011807,0.0457517435687182,0.0460661179900644,0.0464748919311651,0.0484592462541012,0.0491574884323309,0.0483356081705852,0.0465640628073797
0.0479643186927904,0.0455693293341882,0.0459047949735038,0.0463416229186425,0.0482782928042277,0.0490452157305185,0.0482430926196584,0.0465375611948679
0.0479400394909683,0.0453963258435829,0.0457480252446647,0.046212214077334,0.0481041252950682,0.0489367516736432,0.0481542760168674,0.0465137416932796
0.0479204954526176,0.0452326115971723,0.0455958560250331,0.0460867287380228,0.0479367384920724,0.0488320994997458,0.0480691454009742,0.0464925860340968
0.047905562634641,0.0450780650952266,0.0454483345360952,0.0459652302314921,0.0477761271606903,0.0487312624468671,0.0479876878107405,0.0464740759488018
0.0478951170939415,0.0449325648380158,0.0453055079993373,0.0458477818885252,0.0476222860663715,0.0486342437530478,0.0479098902849284,0.0464581931688767
0.047889034887422,0.0447959893258101,0.0451674236362454,0.0457344470399052,0.0474752099745661,0.0485410466563287,0.0478357398622995,0.0464449194258038
