D,D,D,D,D,D,D,D
3.7590222700138355e-09,2.348770941650997e-09,2.064135402622357e-09,1.919390489298932e-09,1.9631624825779948e-09,2.5321774999234422e-09,2.491592054363089e-09,2.876937846046425e-09
3.7088414534072643e-09,2.30770491509174e-09,2.023587977805291e-09,1.882611767142391e-09,1.9265328182948608e-09,2.491564971023248e-09,2.460340069504121e-09,2.8462161857289235e-09
3.6587752996173886e-09,2.267202143658048e-09,1.98375409962566e-09,1.846476077426977e-09,1.8904195400252888e-09,2.451521930359208e-09,2.429558124039381e-09,2.815860540119282e-09
3.608814273051107e-09,2.2272614534992317e-09,1.9446346029160432e-09,1.8109855536001421e-09,1.854824359394397e-09,2.4120467081727917e-09,2.399244849756428e-09,2.785866528052393e-09
3.558947534307497e-09,2.187881220439665e-09,1.906230060403661e-09,1.7761421819595942e-09,1.8197487893928563e-09,2.3731370836529302e-09,2.369398340978613e-09,2.7562289717932803e-09
3.509162816561173e-09,2.149059314219728e-09,1.868540743267637e-09,1.7419477713772406e-09,1.785194109526929e-09,2.334790215683086e-09,2.3400160823698173e-09,2.7269417999648203e-09
3.459446287867212e-09,2.110793035382116e-09,1.831566576065337e-09,1.7084039182546891e-09,1.7511613257737607e-09,2.297002564403521e-09,2.3110948667425993e-09,2.697997937586022e-09
3.4097823974823883e-09,2.0730790436822742e-09,1.7953070851282012e-09,1.6755119659125702e-09,1.7176511245014883e-09,2.259769802189849e-09,2.282630701299374e-09,2.669389181248462e-09
3.360153703998536e-09,2.035913276703905e-09,1.7597613393637396e-09,1.643272957464333e-09,1.6846638193598742e-09,2.223086712404413e-09,2.2546187004543408e-09,2.641106057108387e-09
3.310540682724774e-09,1.9992908571195107e-09,1.7249278821979467e-09,1.6116875810410744e-09,1.6521992899581146e-09,2.186947073977528e-09,2.227052963037184e-09,2.6131376589493022e-09
3.260921509340287e-09,1.9632059867506476e-09,1.690804653153652e-09,1.580756106013943e-09,1.6202569109238454e-09,2.151343529522659e-09,2.1999264312702863e-09,2.585471463065753e-09
3.211271816334774e-09,1.9276518252305954e-09,1.6573888972618083e-09,1.5504783085854611e-09,1.5888354696588248e-09,2.1162674342540324e-09,2.1732307284014996e-09,2.5580931161001747e-09
3.161564418160437e-09,1.892620350647581e-09,1.6246770601420901e-09,1.5208533847876047e-09,1.5579330707704923e-09,2.081708682450189e-09,2.1469559712617902e-09,2.530986191215708e-09
3.111769000305867e-09,1.858102199026184e-09,1.592664666143851e-09,1.4918798485102431e-09,1.5275470247446767e-09,2.047655507565016e-09,2.121090553259094e-09,2.504131907072652e-09
3.0618517666437642e-09,1.824086478863674e-09,1.5613461763850947e-09,1.463555411668913e-09,1.4976737179104802e-09,2.0140942512969726e-09,2.095620892385692e-09,2.4775088029459774e-09
3.011775038374001e-09,1.7905605561493722e-09,1.5307148228444063e-09,1.435876842981212e-09,1.46830846011487e-09,1.9810090959573807e-09,2.0705311376628988e-09,2.451092361933974e-09
2.961496796628759e-09,1.757509804312225e-09,1.500762413799972e-09,1.408839801014448e-09,1.439445305727777e-09,1.9483817532694715e-09,2.0458028260019397e-09,2.42485457247728e-09
2.910970159290468e-09,1.7249173123209295e-09,1.4714791048366207e-09,1.3824386361546526e-09,1.4110768426060454e-09,1.9161911012322006e-09,2.021414479659932e-09,2.398763416259065e-09
2.8601427807124932e-09,1.692763542623049e-09,1.442853128274744e-09,1.356666154855639e-09,1.383193942383937e-09,1.884412758797889e-09,1.997341132192275e-09,2.3727822678499704e-09
2.80895616075696e-09,1.6610259286728363e-09,1.4148704721433415e-09,1.3315133378813335e-09,1.355785463863742e-09,1.8530185857439343e-09,1.9735537679213995e-09,2.346869188055726e-09
2.7573448467577893e-09,1.6296783993364843e-09,1.3875144975959123e-09,1.3069690021355131e-09,1.3288378992379155e-09,1.8219760921138182e-09,1.9500186562655133e-09,2.320976088594002e-09
2.7052355085400652e-09,1.598690814316427e-09,1.3607654808010191e-09,1.2830193929270284e-09,1.3023349502479806e-09,1.7912477377673242e-09,1.926696557544973e-09,2.295047740196616e-09
2.652545862297065e-09,1.568028290685643e-09,1.334600061611156e-09,1.2596476899333643e-09,1.2762570179790884e-09,1.76079009765338e-09,1.903541770772927e-09,2.269020589109002e-09
2.5991834137110447e-09,1.5376503953730808e-09,1.308990576431806e-09,1.2368334054067354e-09,1.2505805855413747e-09,1.7305528620478195e-09,1.880500985970089e-09,2.242821337734074e-09
2.5450439838776503e-09,1.5075101715744424e-09,1.283904246258271e-09,1.2145516468983771e-09,1.2252774670270546e-09,1.7004776326839396e-09,1.8575118930705282e-09,2.216365233104943e-09
2.4900099729504232e-09,1.477552958021194e-09,1.2593021822471401e-09,1.192772208379125e-09,1.2003138883460744e-09,1.670496464783568e-09,1.834501485605525e-09,2.1895539909904714e-09
2.433948305401133e-09,1.4477149480171582e-09,1.2351381596107483e-09,1.171458442265861e-09,1.1756493550979792e-09,1.640530090510185e-09,1.8113839787818946e-09,2.1622732623314403e-09
2.3767079866425398e-09,1.4179214190212664e-09,1.211357094880961e-09,1.1505658493151958e-09,1.151235248491132e-09,1.6104857399886595e-09,1.7880582364851724e-09,2.134389520399547e-09
2.3181171824677806e-09,1.3880845416923247e-09,1.187893139946128e-09,1.1300403018328702e-09,1.1270130709498203e-09,1.5802544498472164e-09,1.764404567488969e-09,2.10574620872373e-09
2.257979708927987e-09,1.35810064736292e-09,1.1646672761623563e-09,1.1098157855221596e-09,1.1029122362279126e-09,1.5497077134801115e-09,1.740280703868765e-09,2.076158937324485e-09
2.196070788972107e-09,1.3278467914076907e-09,1.1415842494331807e-09,1.0898115025413115e-09,1.078847261240449e-09,1.5186932778464735e-09,1.7155167085448542e-09,2.0454094420772716e-09
2.132131890713104e-09,1.297176391745126e-09,1.1185286265871696e-09,1.069928116798941e-09,1.054714163396291e-09,1.4870298225932015e-09,1.689908465334635e-09,2.013237920057881e-09
2.065864406760146e-09,1.2659136389172902e-09,1.0953596655924142e-09,1.0500428325382066e-09,1.0303857902006966e-09,1.4545001595292056e-09,1.6632092705741514e-09,1.9793332088217892e-09
1.9969218592487812e-09,1.233846254753678e-09,1.0719045628173743e-09,1.0300028634646643e-09,1.00570569514306e-09,1.4208424500585036e-09,1.6351188495273563e-09,1.9433200686730343e-09
1.924900213147725e-09,1.200716001575584e-09,1.047949446624516e-09,1.0096166469878744e-09,9.80480005949909e-10,1.3857387333504075e-09,1.605268830433963e-09,1.9047425210457708e-09
1.8493257396680091e-09,1.1662060829166198e-09,1.0232271901256935e-09,9.88641844785493e-10,9.544664764519435e-10,1.3487997542160623e-09,1.5732032706148611e-09,1.8630417403680773e-09
1.769639675087202e-09,1.1299241802295122e-09,9.974006529263999e-10,9.667686753680267e-10,9.273595185692413e-10,1.3095446206911275e-09,1.538352153601771e-09,1.8175263049669963e-09
1.6851786423811431e-09,1.0913792550494947e-09,9.700392212753954e-10,9.43596320844062e-10,8.987693853735663e-10,1.2673731138686852e-09,1.4999947123403955e-09,1.7673315405750704e-09
1.5951494044399592e-09,1.0499492700795474e-09,9.405853003606771e-10,9.185988102532763e-10,8.681926594862456e-10,1.2215273575263586e-09,1.457207715937827e-09,1.7113629905672075e-09
8.252872489555234e-09,4.574441767805007e-09,3.776362289737784e-09,3.406327448577283e-09,3.450065680337835e-09,4.5798822246983574e-09,4.693090671298925e-09,5.6133982358084e-09
8.139682236485218e-09,4.5181998726110295e-09,3.7313891147122505e-09,3.367410280645567e-09,3.407125309096129e-09,4.53095189250281e-09,4.655238198045512e-09,5.570546977112374e-09
8.02680615879078e-09,4.4624251151167815e-09,3.68708175252677e-09,3.3290591895163483e-09,3.364733634201396e-09,4.4825295419127884e-09,4.6178420353960135e-09,5.527828331440949e-09
7.914211063227056e-09,4.407108149714064e-09,3.643435614474587e-09,3.291271062680761e-09,3.322885773196439e-09,4.43460362108249e-09,4.58088965754257e-09,5.4852214548662145e-09
7.801860840562746e-09,4.352238262232848e-09,3.600445194661134e-09,3.254041975269211e-09,3.2815759242182933e-09,4.387161100254346e-09,4.544366926519402e-09,5.442703248328436e-09
7.689716208296805e-09,4.297803221744474e-09,3.558103957945517e-09,3.217367084891201e-09,3.240797254775482e-09,4.340187309051742e-09,4.5082579090387135e-09,5.4002481191938006e-09
7.577734424616326e-09,4.2437891138175405e-09,3.516404212884657e-09,3.181240512099695e-09,3.2005417758673476e-09,4.2936657531200405e-09,4.472544669600861e-09,5.35782771333907e-09
7.465868969802738e-09,4.19018015248336e-09,3.4753369673518e-09,3.145655204235481e-09,3.1608001992153623e-09,4.247577907030359e-09,4.437207036281629e-09,5.315410613465898e-09
7.354069190700355e-09,4.136958467699629e-09,3.434891764082506e-09,3.110602780004092e-09,3.1215617749858683e-09,4.201902979824706e-09,4.402222334968553e-09,5.272961998620783e-09
7.242279903174737e-09,4.0841038645265096e-09,3.395056492890512e-09,3.076073351646748e-09,3.082814106904025e-09,4.156617648932052e-09,4.3675650870488085e-09,5.230443259016369e-09
7.130440946680126e-09,4.031593549556672e-09,3.355817175688545e-09,3.042055320981473e-09,3.0445429410984133e-09,4.111695757413203e-09,4.333206664640087e-09,5.187811559214574e-09
7.018486684087076e-09,3.9794018193125525e-09,3.317157719695676e-09,3.008535144868059e-09,3.006731924317337e-09,4.0671079685503605e-09,4.299114896331533e-09,5.145019341462407e-09
6.906345438783002e-09,3.927499704328831e-09,3.2790596333050124e-09,2.9754970647777287e-09,2.9693623263221834e-09,4.022821370655892e-09,4.265253615051047e-09,5.1020137594544645e-09
6.793938859698196e-09,3.875854561427232e-09,3.24150169796249e-09,2.942922794071838e-09,2.9324127202376915e-09,3.978799023588263e-09,4.2315821380126965e-09,5.058736030948944e-09
6.681181203278477e-09,3.824429605201616e-09,3.2044595880241053e-09,2.91079115526728e-09,2.8958586133754463e-09,3.934999436752167e-09,4.198054666659636e-09,5.015120695408018e-09
6.567978519476321e-09,3.7731833679153075e-09,3.167905428847066e-09,2.879077657928317e-09,2.859672019499412e-09,3.891375966270401e-09,4.1646195920068494e-09,4.971094760081435e-09
6.454227726473881e-09,3.7220690747565623e-09,3.1318072812281763e-09,2.847754005775058e-09,2.823820961570146e-09,3.847876116411181e-09,4.131218687661562e-09,4.926576714556239e-09
6.3398155560095035e-09,3.671033918612675e-09,3.096128537629373e-09,2.8167875190457246e-09,2.788268891612379e-09,3.8044407271396424e-09,4.097786168919542e-09,4.881475389609192e-09
6.2246173477196524e-09,3.620018215040471e-09,3.060827212246236e-09,2.786140454921445e-09,2.7529740113385798e-09,3.761003025617913e-09,4.064247591452177e-09,4.8356886309866525e-09
6.108495666686751e-09,3.568954413745076e-09,3.0258551026940373e-09,2.755769204742779e-09,2.7178884733763983e-09,3.7174875144175085e-09,4.0305185569505665e-09,4.789101752233662e-09
5.991298713225286e-09,3.517765937375806e-09,2.9911567956113503e-09,2.7256233415404278e-09,2.6829574381439115e-09,3.673808662788741e-09,3.996503185295633e-09,4.7415857225236465e-09
5.872858487568095e-09,3.4663658114563475e-09,2.9566684814483636e-09,2.695644484719843e-09,2.6481179552864227e-09,3.629869359173857e-09,3.962092302847521e-09,4.692995035115399e-09
5.7529886642483085e-09,3.4146550403356477e-09,2.9223165345919914e-09,2.6657649400987023e-09,2.613297630710558e-09,3.585559072683664e-09,3.927161283636513e-09,4.6431651889255855e-09
5.631482121186389e-09,3.3625206725626204e-09,2.888015803097291e-09,2.6359060622430914e-09,2.5784130300615907e-09,3.540751657770182e-09,3.891567463630142e-09,4.591909698909305e-09
5.508108056255907e-09,3.3098334841942372e-09,2.853667536645735e-09,2.6059762712649563e-09,2.543367756189727e-09,3.495302718767984e-09,3.855147026576731e-09,4.53901652925943e-09
5.38260860870673e-09,3.256445189109179e-09,2.8191568605949675e-09,2.5758686366673276e-09,2.508050120677046e-09,3.449046427986129e-09,3.817711231392572e-09,4.484243815301967e-09
5.254694883367904e-09,3.2021850597967357e-09,2.7843496761743612e-09,2.545457914654769e-09,2.4723303063104004e-09,3.401791660633054e-09,3.779041813184535e-09,4.427314703126917e-09
5.124042250760252e-09,3.146855808086825e-09,2.749088829263608e-09,2.5145968900087755e-09,2.4360568863631672e-09,3.353317269329184e-09,3.7388853392364755e-09,4.367911087373068e-09
4.990284764488091e-09,3.090228529698076e-09,2.7131893387574107e-09,2.483111825455878e-09,2.399052524605037e-09,3.303366266386741e-09,3.6969462325879964e-09,4.305665962835138e-09
4.853008496275579e-09,3.032036454745444e-09,2.6764324044004834e-09,2.450796755025369e-09,2.361108622676437e-09,3.251638607813702e-09,3.652878081860066e-09,4.240154018510213e-09
4.711743535693241e-09,2.971967161862068e-09,2.638557814419494e-09,2.417406265163024e-09,2.321978602318456e-09,3.1977821709151157e-09,3.6062727259642972e-09,4.17087998447351e-09
4.565954331724109e-09,2.9096527966240623e-09,2.599254232070149e-09,2.382646276247993e-09,2.2813693992847507e-09,3.1413813753169804e-09,3.556646420231574e-09,4.09726407964812e-09
4.415027960906962e-09,2.844657671040207e-09,2.5581466370428515e-09,2.3461621491339476e-09,2.238930588960766e-09,3.081942697033506e-09,3.503422132031501e-09,4.0186236830501125e-09
4.258259783547938e-09,2.77646238805767e-09,2.5147799007818013e-09,2.307523167581991e-09,2.1942403383962237e-09,3.018876039139422e-09,3.445906641846364e-09,3.934150033908509e-09
4.094835783469978e-09,2.7044432995766027e-09,2.4685970335230604e-09,2.266202042212072e-09,2.1467870506236397e-09,2.951470507714629e-09,3.383260581584401e-09,3.8428783137742605e-09
3.923810660893737e-09,2.627845615527647e-09,2.418909972834534e-09,2.2215474707598727e-09,2.0959450791382982e-09,2.878862530165476e-09,3.3144587325270062e-09,3.743648809246003e-09
3.744080437276167e-09,2.545747750682265e-09,2.3648597512662472e-09,2.1727468501538517e-09,2.040942152763625e-09,2.799993335414909e-09,3.2382366788216687e-09,3.635055891541121e-09
3.5543478983062253e-09,2.4570133872839677e-09,2.305361249641773e-09,2.1187747595503548e-09,1.980815013373666e-09,2.713551411627739e-09,3.153018015560142e-09,3.515380108999234e-09
3.3530785912642164e-09,2.360226015222614e-09,2.2390250998069964e-09,2.0583204555792064e-09,1.914347974494725e-09,2.617893362919677e-09,3.056813309738002e-09,3.382496491846302e-09
2.7351919235794837e-09,1.548880493313618e-09,1.242019173092308e-09,1.166035940466322e-09,1.21358628055302e-09,1.5537236654639482e-09,1.685596548708683e-09,1.944029113583736e-09
2.700969981825277e-09,1.533109653923814e-09,1.2313997738082158e-09,1.1554043876956207e-09,1.2043242670563291e-09,1.540306490587286e-09,1.6761385735068241e-09,1.934448490600752e-09
2.666629901689946e-09,1.517350142889903e-09,1.2209071056686667e-09,1.1449004992176522e-09,1.1949984536459444e-09,1.526941190752115e-09,1.6666565350564254e-09,1.9246962512225513e-09
2.632164149271868e-09,1.5015984465570882e-09,1.210538553792776e-09,1.1345216787858994e-09,1.1856073388979143e-09,1.513623267825121e-09,1.657145323680823e-09,1.914763398942983e-09
2.5975641128510184e-09,1.4858505303701694e-09,1.2002911233903396e-09,1.1242649591659494e-09,1.1761490421977022e-09,1.500347674017357e-09,1.647599188378005e-09,1.904640045637199e-09
2.562820022715313e-09,1.470101785082969e-09,1.1901613960007463e-09,1.1141269588943594e-09,1.166621259274543e-09,1.4871087531966263e-09,1.638011666435452e-09,1.894315321757326e-09
2.5279208616490567e-09,1.4543469663924815e-09,1.1801454800075131e-09,1.1041038333863226e-09,1.157021212060857e-09,1.4739001748643547e-09,1.6283755041269721e-09,1.8837772757539998e-09
2.4928542648939315e-09,1.438580127041787e-09,1.170238954550991e-09,1.0941912195331066e-09,1.1473455920353143e-09,1.4607148597118874e-09,1.61868256716086e-09,1.873012761190525e-09
2.457606408214233e-09,1.422794540276595e-09,1.160436805804679e-09,1.0843841727786038e-09,1.1375904960637804e-09,1.4475448954850332e-09,1.6089237393185671e-09,1.862007309763687e-09
2.422161882481172e-09,1.4069826133441507e-09,1.1507333543909856e-09,1.0746770954810221e-09,1.1277513535767976e-09,1.4343814416593115e-09,1.5990888074432647e-09,1.8507449881397023e-09
2.3865035529464077e-09,1.3911357894937854e-09,1.1411221724851531e-09,1.0650636551473859e-09,1.1178228437161242e-09,1.4212146211609455e-09,1.5891663306065763e-09,1.8392082361545994e-09
2.3506124010763183e-09,1.3752444366579581e-09,1.1315959888767055e-09,1.055536690859793e-09,1.1077988008288491e-09,1.408033397041278e-09,1.579143490875161e-09,1.8273776834930327e-09
2.3144673464707997e-09,1.359297720656226e-09,1.1221465799197614e-09,1.0460881058892992e-09,1.0976721063837896e-09,1.394825431617692e-09,1.569005922609883e-09,1.8152319414379734e-09
2.2780450459773873e-09,1.3432834603561263e-09,1.1127646438884083e-09,1.036708744095823e-09,1.0874345650135552e-09,1.3815769251148052e-09,1.5587375166323584e-09,1.8027473656535907e-09
2.2413196666143004e-09,1.327187961725388e-09,1.1034396557402082e-09,1.027388247224433e-09,1.0770767619310947e-09,1.3682724302492071e-09,1.548320194860702e-09,1.7898977851975286e-09
2.204262628328447e-09,1.3109958271023544e-09,1.0941596986594339e-09,1.01811488960846e-09,1.0665878984142839e-09,1.3548946384819681e-09,1.5377336501165141e-09,1.7766541920277376e-09
2.1668423119021627e-09,1.2946897352596003e-09,1.0849112679616514e-09,1.0088753860415343e-09,1.055955601362696e-09,1.341424132768375e-09,1.5269550446891327e-09,1.7629843841274076e-09
2.129023726470257e-09,1.2782501869118087e-09,1.0756790419571495e-09,9.996546676531059e-10,1.0451657020817643e-09,1.3278391005312664e-09,1.515958659861903e-09,1.748852553970039e-09
2.0907681300739143e-09,1.2616552091676027e-09,1.0664456131290514e-09,9.904356194535226e-10,1.0342019783853883e-09,1.3141149992021575e-09,1.5047154868713915e-09,1.7342188123136952e-09
2.0520325954205573e-09,1.244880010989566e-09,1.0571911714122111e-09,9.811987717450508e-10,1.023045852778763e-09,1.300224164944728e-09,1.493192747598451e-09,1.7190386351615075e-09
2.012769511489598e-09,1.227896579924349e-09,1.0478931293591907e-09,9.71921935728847e-10,1.0116760378059147e-09,1.28613535299155e-09,1.481353330541248e-09,1.7032622190409756e-09
1.972926009742984e-09,1.210673208087698e-09,1.0385256764137991e-09,9.62579771253794e-10,1.0000681175187375e-09,1.2718131952526506e-09,1.469155124121672e-09,1.6868337263816803e-09
1.9324433013872677e-09,1.1931739324946215e-09,1.0290592461986523e-09,9.531432715872611e-10,9.881940513074571e-10,1.2572175573099003e-09,1.4565502248987603e-09,1.6696903985104555e-09
1.8912559092736917e-09,1.175357871124634e-09,1.0194598764125779e-09,9.43579146117842e-10,9.76021582843346e-10,1.2423027723552718e-09,1.443483992485406e-09,1.651761508374729e-09
1.8492907744609719e-09,1.1571784313401523e-09,1.0096884352742284e-09,9.338490767146374e-10,9.635135323616363e-10,1.227016723718978e-09,1.4298939154584112e-09,1.6329671181757036e-09
1.806466213012764e-09,1.13858236108774e-09,9.996996809649322e-10,9.239088166458148e-10,9.506269446170735e-10,1.2112997399159316e-09,1.415708242719305e-09,1.6132165981767187e-09
1.762690693002432e-09,1.119508605213692e-09,9.894411105296084e-10,9.13707091900198e-10,9.37312057085062e-10,1.195083255971207e-09,1.400844321779729e-09,1.5924068513747234e-09
1.7178613946074044e-09,1.099886918546743e-09,9.788515412239171e-10,9.031842526174183e-10,9.235110426886451e-10,1.1782881812786562e-09,1.385206568140296e-09,1.5704201735826516e-09
1.6718625071491531e-09,1.0796361731884187e-09,9.678593489458983e-10,8.922706059037615e-10,9.091564675456351e-10,1.1608228961286306e-09,1.3686839666515474e-09,1.5471216585023344e-09
1.624563205358645e-09,1.0586622783625486e-09,9.56380263120746e-10,8.80884338841011e-10,8.941693855868542e-10,1.1425807745049835e-09,1.3511469741045335e-09,1.5223560307980874e-09
1.5758152322002583e-09,1.0368556052718647e-09,9.443145821854378e-10,8.68928909408026e-10,8.784569664127826e-10,1.1234370971535262e-09,1.332443648819942e-09,1.4959437544949039e-09
1.5254499961409594e-09,1.0140877738801752e-09,9.315436240980722e-10,8.56289739495781e-10,8.619095175286143e-10,1.1032451724010136e-09,1.3123947725584002e-09,1.4676762156057016e-09
1.473275065243254e-09,9.902076092340526e-10,9.179251551173497e-10,8.428299824058911e-10,8.443967127985187e-10,1.081831416970172e-09,1.290787644961672e-09,1.4373097114844426e-09
1.4190699067316075e-09,9.65036005664383e-10,9.032874366621537e-10,8.283850482642605e-10,8.257627690611654e-10,1.0589890563540991e-09,1.2673681092544226e-09,1.404557887263559e-09
1.3625806756538634e-09,9.383593385424542e-10,8.874213772559654e-10,8.127554407007527e-10,8.05820212309656e-10,1.0344699707047328e-09,1.2418301919422094e-09,1.3690821302822656e-09
1.3035137955904651e-09,9.099209206829893e-10,8.700700467506761e-10,7.956972646791368e-10,7.843417279847264e-10,1.0079740165550859e-09,1.2138024801460683e-09,1.330479249074564e-09
1.2415279917565611e-09,8.794097911212574e-10,8.509144575201422e-10,7.769094722249997e-10,7.610493717641481e-10,9.791348632843647e-10,1.1828299719922775e-09,1.2882654971203801e-09
1.1762243231197472e-09,8.464458111903602e-10,8.295539647522802e-10,7.56016459475616e-10,7.356000870894613e-10,9.47500940963602e-10,1.148349542433942e-09,1.2418556105074802e-09
1.1071336017280858e-09,8.105595665090391e-10,8.054787507008183e-10,7.325439114175e-10,7.075659658319264e-10,9.12509411010886e-10,1.1096562414809338e-09,1.190534944490831e-09
4.674139084634992e-09,2.187777532342584e-09,1.7170684928200414e-09,1.6412919624826135e-09,1.6749732943447881e-09,2.2563000983720587e-09,2.339354619218989e-09,2.866094639530824e-09
4.596044609401635e-09,2.166460247224609e-09,1.7056694119444595e-09,1.638777894204055e-09,1.6771940476391814e-09,2.2533759126335703e-09,2.3352469577461635e-09,2.854658625779148e-09
4.518448060561113e-09,2.1450739403988823e-09,1.6942947595344707e-09,1.635865361238733e-09,1.6785108619336974e-09,2.249687393545117e-09,2.330646580663679e-09,2.842719115184908e-09
4.4413224759962395e-09,2.1236143685984228e-09,1.6829408520189223e-09,1.6325523200605654e-09,1.6789316984898003e-09,2.2452372707178352e-09,2.325547944947615e-09,2.830264343840616e-09
4.3646399109316806e-09,2.1020765004339116e-09,1.6716034438982962e-09,1.62883611531687e-09,1.6784638473756347e-09,2.240027323255525e-09,2.3199445037867356e-09,2.817281184712456e-09
4.2883713047068224e-09,2.0804544389107794e-09,1.6602776642201966e-09,1.6247134086869355e-09,1.6771138554536984e-09,2.2340582836230964e-09,2.3138286001132957e-09,2.803755014837754e-09
4.212486336238688e-09,2.058741334619812e-09,1.6489579448538662e-09,1.620180098743332e-09,1.6748874457296931e-09,2.227329729845169e-09,2.3071913470377477e-09,2.789669566972431e-09
4.136953266510666e-09,2.036929288262994e-09,1.6376379393180167e-09,1.6152312304919236e-09,1.671789426834854e-09,2.219839964348121e-09,2.300022493280777e-09,2.775006763524262e-09
4.061738766206546e-09,2.01500924095669e-09,1.6263104306961703e-09,1.6098608930400766e-09,1.667823591210863e-09,2.2115858774760404e-09,2.292310271371569e-09,2.759746530257492e-09
3.98680772632667e-09,1.992970850483578e-09,1.6149672269059155e-09,1.6040621035688914e-09,1.6629926003218372e-09,2.2025627933688847e-09,2.284041225992392e-09,2.743866586835676e-09
3.912123049319644e-09,1.970802351349205e-09,1.603599041270809e-09,1.5978266754637915e-09,1.6572978549315596e-09,2.1927642954873843e-09,2.2752000193880355e-09,2.72734221077457e-09
3.837645417879123e-09,1.948490396114468e-09,1.5921953559512267e-09,1.5911450680614007e-09,1.6507393481334943e-09,2.1821820285781408e-09,2.2657692101957652e-09,2.710145970784981e-09
3.763333038118637e-09,1.9260198750148e-09,1.5807442653179582e-09,1.584006214997885e-09,1.6433154984063543e-09,2.1708054732819753e-09,2.255729001377554e-09,2.6922474247742972e-09
3.689141353310603e-09,1.903373710318693e-09,1.569232295772229e-09,1.5763973275671871e-09,1.635022959461512e-09,2.1586216888754687e-09,2.2450569521151496e-09,2.673612776921283e-09
3.6150227237501853e-09,1.8805326211991422e-09,1.5576441977994102e-09,1.5683036687905326e-09,1.625856403036657e-09,2.145615018760354e-09,2.233727647526461e-09,2.654204487207904e-09
3.5409260675597115e-09,1.8574748540657566e-09,1.5459627051657954e-09,1.5597082930391154e-09,1.6158082700455594e-09,2.1317667522557027e-09,2.2217123188390013e-09,2.633980825538226e-09
3.466796456356762e-09,1.8341758722876734e-09,1.5341682550676723e-09,1.5505917449828548e-09,1.6048684845786822e-09,2.1170547349350423e-09,2.20897840514504e-09,2.6128953610512046e-09
3.3925746586371596e-09,1.810607997990985e-09,1.522238661679121e-09,1.540931710326612e-09,1.5930241241312135e-09,2.1014529181406276e-09,2.1954890460053198e-09,2.590896375369654e-09
3.3181966224302904e-09,1.7867399970651723e-09,1.510148733824006e-09,1.530702609151525e-09,1.580259038046326e-09,2.0849308363032932e-09,2.181202491845434e-09,2.567926186235013e-09
3.2435928872212003e-09,1.7625365965886142e-09,1.497869825329847e-09,1.519875120631332e-09,1.5665534044423875e-09,2.0674529981991286e-09,2.1660714162028728e-09,2.5439203651454993e-09
3.1686879132310603e-09,1.7379579214762975e-09,1.485369303865003e-09,1.508415625311822e-09,1.551883213745605e-09,2.0489781751463633e-09,2.1500421102424477e-09,2.518806829104134e-09
3.0933993138327684e-09,1.712958834121353e-09,1.472609920531465e-09,1.4962855478739267e-09,1.5362196642535451e-09,2.029458565196574e-09,2.133053535367716e-09,2.492504782196442e-09
3.017636974027999e-09,1.6874881569664303e-09,1.4595490579405202e-09,1.4834405791369006e-09,1.519528451749367e-09,2.0088388073613213e-09,2.1150362039074633e-09,2.4649234772117292e-09
2.9413020344214193e-09,1.6614877530552486e-09,1.4461378286008035e-09,1.469829750718618e-09,1.5017689308639307e-09,1.9870548135194358e-09,2.095910850378043e-09,2.435960760579811e-09
2.864285715789149e-09,1.6348914333446702e-09,1.432319987727905e-09,1.455394328866912e-09,1.482893120347206e-09,1.964032377412381e-09,2.0755868461709252e-09,2.4055013550634422e-09
2.786467953956479e-09,1.607623651461692e-09,1.418030614406541e-09,1.4400664849940546e-09,1.462844517286396e-09,1.939685509470778e-09,2.0539602979805422e-09,2.373414823364219e-09
2.7077158079603277e-09,1.5795979360502994e-09,1.4031945014862967e-09,1.4237676886574823e-09,1.4415566760612327e-09,1.9139144322863592e-09,2.0309117538769646e-09,2.3395531412687033e-09
2.6278815960045534e-09,1.5507149970269076e-09,1.3877241763911194e-09,1.4064067531272404e-09,1.418951495736138e-09,1.8866031532095822e-09,2.006303419258403e-09,2.303747790112041e-09
2.5468007029942033e-09,1.5208604237642896e-09,1.3715174503195974e-09,1.3878774428439807e-09,1.394937143646665e-09,1.857616506202766e-09,1.979975756049402e-09,2.265806253699658e-09
2.4642889897872903e-09,1.4899018687959715e-09,1.354454359427615e-09,1.3680555239705495e-09,1.3694055217286572e-09,1.8267965224458754e-09,1.951743299687503e-09,2.225507772349833e-09
2.380139716812457e-09,1.4576855776918699e-09,1.3363933145525703e-09,1.3467951009523655e-09,1.3422291536609756e-09,1.7939579450079287e-09,1.9213894756920635e-09,2.182598163537569e-09
2.294119872116322e-09,1.4240320808877075e-09,1.317166209945827e-09,1.3239240292468075e-09,1.3132573322630915e-09,1.7588826424529127e-09,1.8886601251549723e-09,2.136783460655782e-09
2.205965764529385e-09,1.3887308014406555e-09,1.2965721473294094e-09,1.2992381208242103e-09,1.2823113136224532e-09,1.7213125925864574e-09,1.8532553478021011e-09,2.0877220428164142e-09
2.1153777041431114e-09,1.3515332465305932e-09,1.274369295507563e-09,1.2724937551473423e-09,1.2491782709628463e-09,1.6809409903505302e-09,1.814819129570553e-09,2.0350148209177304e-09
2.022013541369498e-09,1.312144328867003e-09,1.250264205893118e-09,1.2433983595332363e-09,1.213603618080414e-09,1.637400867465088e-09,1.7729260194735242e-09,1.978192895881757e-09
1.925480767945227e-09,1.2702111899849635e-09,1.2238976056281602e-09,1.2115980064363771e-09,1.175281165297006e-09,1.5902503717566931e-09,1.7270638278059995e-09,1.916701895380819e-09
1.825326791754823e-09,1.2253086442325576e-09,1.1948252350374532e-09,1.1766610553689966e-09,1.1338403587253135e-09,1.538953503502207e-09,1.676610887041876e-09,1.849881897193156e-09
1.7210268728515043e-09,1.176919988159524e-09,1.1624915885290111e-09,1.1380562858427922e-09,1.0888295423025148e-09,1.4828545844053435e-09,1.620805771835311e-09,1.7769414169270319e-09
1.611969036751961e-09,1.1244113572435212e-09,1.1261932915407684e-09,1.095123228867666e-09,1.0396937171887491e-09,1.421143943907638e-09,1.5587063900316431e-09,1.6969233066811142e-09
2.4722723281599512e-09,1.0694950948315234e-09,7.761818411227857e-10,7.509893893640924e-10,9.176797079275475e-10,1.1685827039130806e-09,1.2577855344433055e-09,1.324433555646233e-09
2.426540873130526e-09,1.067574374291568e-09,7.794464980828702e-10,7.560652637044816e-10,9.21587469185528e-10,1.173182944095323e-09,1.266931074251999e-09,1.329921779333916e-09
2.381505691831809e-09,1.0652298768431594e-09,7.824429587595281e-10,7.606985620104785e-10,9.247746254778271e-10,1.1770923404931103e-09,1.275081055992414e-09,1.3346467744448116e-09
2.3371195229078796e-09,1.062464930621861e-09,7.851703794007852e-10,7.648902261345345e-10,9.27254661622967e-10,1.1803173684265711e-09,1.2822467187317196e-09,1.3386098127062032e-09
2.2933368305631115e-09,1.0592823323303123e-09,7.876275862468793e-10,7.686408162185851e-10,9.290402901150519e-10,1.182863718888354e-09,1.288438536092709e-09,1.341811366344181e-09
2.250113556343594e-09,1.0556843041768201e-09,7.89813038196064e-10,7.71950470073121e-10,9.301434174808627e-10,1.1847362470122923e-09,1.2936661568068295e-09,1.3442510404720822e-09
2.207406882533645e-09,1.0516724455882915e-09,7.917247847203607e-10,7.748188576698668e-10,9.305751056600296e-10,1.1859389138545492e-09,1.2979383380635998e-09,1.3459274976850051e-09
2.1651750044896963e-09,1.0472476789607302e-09,7.933604183182171e-10,7.77245130052549e-10,9.303455277526283e-10,1.186474720557435e-09,1.3012628706429434e-09,1.346838373802942e-09
2.1233769093562316e-09,1.042410188589351e-09,7.947170206671468e-10,7.792278618546959e-10,9.294639173720766e-10,1.1863456338116387e-09,1.3036464946503391e-09,1.346980183536124e-09
2.0819721586744163e-09,1.037159351773817e-09,7.957911014879029e-10,7.80764986475113e-10,9.279385107132351e-10,1.1855525013496555e-09,1.305094804475029e-09,1.346348214648304e-09
2.040920672416165e-09,1.0314936609245095e-09,7.965785289528493e-10,7.818537227985542e-10,9.25776480296847e-10,1.184094955985157e-09,1.3056121413568275e-09,1.344936408959655e-09
2.0001825119464116e-09,1.0254106352860164e-09,7.970744502506506e-10,7.824904921507526e-10,9.229838591696052e-10,1.1819713064513264e-09,1.3052014716618862e-09,1.3427372282503047e-09
1.959717659337529e-09,1.0189067206479e-09,7.972732006545107e-10,7.82670823940489e-10,9.195654541260547e-10,1.1791784129760147e-09,1.3038642486291715e-09,1.33974150279273e-09
1.919485790325001e-09,1.0119771751117814e-09,7.971681991159495e-10,7.82389248154729e-10,9.155247462585341e-10,1.1757115451541751e-09,1.3016002549381423e-09,1.3359382598424663e-09
1.879446037998845e-09,1.0046159386203702e-09,7.967518280070658e-10,7.816391725240571e-10,9.108637768303228e-10,1.1715642192153295e-09,1.2984074229501551e-09,1.3313145289351155e-09
1.839556744062817e-09,9.968154835132575e-10,7.960152941443e-10,7.804127417535746e-10,9.055830160893977e-10,1.1667280112278127e-09,1.2942816288739804e-09,1.3258551202597043e-09
1.7997751941530202e-09,9.885666428319936e-10,7.9494846761652e-10,7.787006756928848e-10,8.996812121802083e-10,1.1611923420941586e-09,1.2892164563636054e-09,1.3195423716747107e-09
1.760057333277263e-09,9.79858412435685e-10,7.93539694184888e-10,7.764920826841755e-10,8.931552167507231e-10,1.1549442293565784e-09,1.2832029241546855e-09,1.3123558590805232e-09
1.7203574568943484e-09,9.706777221687342e-10,7.917755760714414e-10,7.737742435355775e-10,8.859997831621822e-10,1.1479679997925788e-09,1.2762291712239604e-09,1.3042720638164922e-09
1.680627872486203e-09,9.610091703079006e-10,7.896407147603181e-10,7.705323605904914e-10,8.78207332360151e-10,1.140244955499011e-09,1.2682800915764934e-09,1.2952639894692374e-09
1.6408185256452314e-09,9.50834714251767e-10,7.87117407921715e-10,7.6674926513923e-10,8.69767680412563e-10,1.1317529845615574e-09,1.2593369090357436e-09,1.2853007188972386e-09
1.6008765836829127e-09,9.401333088299003e-10,7.841852906395056e-10,7.624050748845047e-10,8.606677204091888e-10,1.122466105401404e-09,1.2493766802568474e-09,1.274346900316479e-09
1.5607459685029911e-09,9.288804816103403e-10,7.808209086452868e-10,7.574767912317408e-10,8.508910497723044e-10,1.1123539313608855e-09,1.2383717114570407e-09,1.2623621488446914e-09
1.5203668289313227e-09,9.170478320496697e-10,7.769972080599854e-10,7.519378237101829e-10,8.40417531959424e-10,1.101381038883232e-09,1.226288870911442e-09,1.2493003468412306e-09
1.4796749407685267e-09,9.046024380925123e-10,7.726829219690134e-10,7.457574256740752e-10,8.292227789109619e-10,1.0895062185442101e-09,1.213088774859726e-09,1.2351088225130907e-09
1.438601020438317e-09,8.915061496654404e-10,7.678418286766373e-10,7.389000213675187e-10,8.172775372459741e-10,1.0766815829283398e-09,1.1987248188171228e-09,1.2197273813586715e-09
1.3970699351188671e-09,8.77714743123483e-10,7.62431849222154e-10,7.313243991571677e-10,8.045469569026901e-10,1.0628514985232036e-09,1.1831420189696576e-09,1.2030871587615535e-09
1.3549997885085916e-09,8.631769036740243e-10,7.564039420325288e-10,7.229827388304595e-10,7.90989715347557e-10,1.047951299906833e-09,1.1662756188005986e-09,1.185109254003067e-09
1.3123008566577046e-09,8.478329935534714e-10,7.49700739477906e-10,7.138194317436757e-10,7.76556963208875e-10,1.0319057327963207e-09,1.148049403563111e-09,1.165703095542274e-09
1.2688743423332514e-09,8.31613551454835e-10,7.422548532161385e-10,7.037696404749936e-10,7.611910476337501e-10,1.0146270569893558e-09,1.1283736486044942e-09,1.1447644738166055e-09
1.2246109087737801e-09,8.144374522613521e-10,7.339867505435516e-10,6.92757528337746e-10,7.44823956994226e-10,9.960127194195292e-10,1.107142605323915e-09,1.1221731599280807e-09
1.1793889439316747e-09,7.96209633898268e-10,7.248020695266551e-10,6.80694066985221e-10,7.27375413603078e-10,9.759424793961856e-10,1.0842313985206395e-09,1.097790004840185e-09
1.1330724936930626e-09,7.7681826770522e-10,7.145881919665715e-10,6.674742999790477e-10,7.08750518167603e-10,9.542748296114194e-10,1.059492167895894e-09,1.0714533819064795e-09
1.085508786166705e-09,7.5613120668671e-10,7.032098233570568e-10,6.529738980498573e-10,6.888368183848016e-10,9.308425032810338e-10,1.032749229872413e-09,1.042974792536268e-09
1.0365252476169711e-09,7.339914871425092e-10,6.905032271894643e-10,6.370447825350436e-10,6.675006307999507e-10,9.054467832928245e-10,1.003792956787279e-09,1.0121333959780143e-09
9.85925882167927e-10,7.102115757112324e-10,6.762686101873226e-10,6.195095090651524e-10,6.445823845266641e-10,8.778502235826642e-10,9.723719585082015e-10,9.786691428702243e-10
9.334868494373142e-10,6.845659337702543e-10,6.60259927664308e-10,6.001539815141522e-10,6.1989066966479e-10,8.477672409497781e-10,9.381829906634984e-10,9.422740783464327e-10
8.789510231045434e-10,6.567812956690082e-10,6.421710283521936e-10,5.78717886907329e-10,5.931945499992452e-10,8.148518134065342e-10,9.008577790961599e-10,9.025812189848859e-10
8.220212437827584e-10,6.265237965163661e-10,6.21616507792651e-10,5.548819739001527e-10,5.642135196726665e-10,7.786811910645272e-10,8.599456022904306e-10,8.591501755178326e-10
4.8740413124241215e-09,2.070191259253096e-09,1.4569433210820631e-09,1.500108045181229e-09,1.7894424892743212e-09,2.322437950271109e-09,2.593439497997406e-09,2.9956200904524155e-09
4.746764576272944e-09,2.0614213014435357e-09,1.4645358278476422e-09,1.508897069843314e-09,1.789002048870931e-09,2.326152909081044e-09,2.596012092041408e-09,2.9974358602518903e-09
4.6238876195588935e-09,2.051519710551886e-09,1.4713505415021515e-09,1.5167019991793175e-09,1.7874752802901813e-09,2.3285149526959973e-09,2.5969489215144717e-09,2.9970723813930397e-09
4.505080098469744e-09,2.040520599522924e-09,1.4773922079361436e-09,1.5235299954115318e-09,1.784887850458246e-09,2.3295476979360816e-09,2.596285079695753e-09,2.994581260348263e-09
4.390039267928266e-09,2.0284560447651067e-09,1.4826648835813644e-09,1.5293872828641622e-09,1.7812632982745704e-09,2.329272480658769e-09,2.5940527945610333e-09,2.9900104876914522e-09
4.278486691339361e-09,2.015356066312227e-09,1.487171866700366e-09,1.5342790724990756e-09,1.7766230247529734e-09,2.3277083031115477e-09,2.590281389217985e-09,2.983404410024906e-09
4.1701653594838566e-09,2.001248597900801e-09,1.4909156201810382e-09,1.538209477411082e-09,1.7709862713362003e-09,2.3248717669738783e-09,2.5849972261116154e-09,2.9748036841602838e-09
4.064837154789611e-09,1.9861594459818084e-09,1.4938976845846655e-09,1.541181418021691e-09,1.7643700854619661e-09,2.3207769905463275e-09,2.5782236334457582e-09,2.964245212049565e-09
3.962280607517475e-09,1.9701122365049915e-09,1.4961185799822995e-09,1.5431965155039407e-09,1.7567892722614501e-09,2.3154355082639155e-09,2.5699808119742782e-09,2.951762054676394e-09
3.86228889873102e-09,1.953128348096179e-09,1.497577694854736e-09,1.544254971726201e-09,1.7482563310389754e-09,2.308856150378501e-09,2.5602857199667527e-09,2.937383322788997e-09
3.764668071694545e-09,1.935226830002196e-09,1.4982731600237395e-09,1.544355433713318e-09,1.7387813749149006e-09,2.3010449002630315e-09,2.5491519337501194e-09,2.9211340419730194e-09
3.669235418819687e-09,1.916424302872746e-09,1.4982017052070891e-09,1.543494840273458e-09,1.7283720316940475e-09,2.292004726322936e-09,2.536589480743259e-09,2.903034989105078e-09
3.5758180157331353e-09,1.896734840095879e-09,1.497358495337656e-09,1.5416682480238355e-09,1.7170333236492286e-09,2.2817353849378953e-09,2.5226046413297333e-09,2.883102496698216e-09
3.484251377602949e-09,1.8761698269767603e-09,1.49573694323685e-09,1.5388686335447683e-09,1.7047675234606063e-09,2.2702331901896753e-09,2.5071997152263032e-09,2.861348221018205e-09
3.3943782157114262e-09,1.8547377945329994e-09,1.4933284945578179e-09,1.535086667783663e-09,1.6915739830179903e-09,2.2574907453161238e-09,2.4903727471790143e-09,2.8377788690933433e-09
3.306047274489079e-09,1.8324442240661702e-09,1.4901223800898974e-09,1.5303104580951044e-09,1.6774489311492227e-09,2.2434966298524955e-09,2.4721172058289642e-09,2.81239587884551e-09
3.219112230900499e-09,1.809291317909904e-09,1.486105329493408e-09,1.5245252523997379e-09,1.6623852355586419e-09,2.2282350352193435e-09,2.452421608372472e-09,2.785195045485286e-09
3.133430639283921e-09,1.7852777308457952e-09,1.4812612392739315e-09,1.5177130988496543e-09,1.6463721233159591e-09,2.2116853400572816e-09,2.431269082181946e-09,2.7561660860154732e-09
3.048862905484845e-09,1.7603982555505652e-09,1.4755707862263591e-09,1.5098524530262676e-09,1.6293948530779415e-09,2.193821614803018e-09,2.408636852740317e-09,2.725292132105604e-09
2.965271274453922e-09,1.734643454059377e-09,1.469010975607812e-09,1.500917723026864e-09,1.6114343308091755e-09,2.1746120427773704e-09,2.384495645037197e-09,2.6925491396816253e-09
2.882518815370044e-09,1.707999225520186e-09,1.46155461080881e-09,1.4908787407108103e-09,1.5924666590154183e-09,2.154018242291357e-09,2.3588089828235013e-09,2.657905201225438e-09
2.800468387799618e-09,1.6804462983899519e-09,1.4531696681363952e-09,1.4797001447764403e-09,1.572462607333434e-09,2.131994470820353e-09,2.331532366722038e-09,2.6213197438956942e-09
2.7189815713654347e-09,1.651959632562723e-09,1.4438185562926802e-09,1.4673406580684062e-09,1.551386989606354e-09,2.1084866879579313e-09,2.3026123079228088e-09,2.582742593015826e-09
2.637917539827801e-09,1.622507713579112e-09,1.433457234954519e-09,1.4537522373842871e-09,1.529197929177022e-09,2.083431448373385e-09,2.27198518883529e-09,2.5421128760559326e-09
2.5571318582756356e-09,1.5920517168324875e-09,1.4220341601522434e-09,1.438879068789281e-09,1.5058459898299441e-09,2.056754589019153e-09,2.2395759152851e-09,2.499357736714486e-09
2.476475179174769e-09,1.5605445142965152e-09,1.4094890153975814e-09,1.4226563747138451e-09,1.4812731443574267e-09,2.0283696658954393e-09,2.205296316204503e-09,2.454390821780106e-09
2.395791809161068e-09,1.5279294893869683e-09,1.3957511760000879e-09,1.4050089904242702e-09,1.4554115457398006e-09,1.9981760841539974e-09,2.169043235687313e-09,2.407110494701127e-09
2.314918113487121e-09,1.4941391166387774e-09,1.3807378387424142e-09,1.3858496561705999e-09,1.428182056931298e-09,1.9660568503432183e-09,2.130696247975105e-09,2.35739771868206e-09
2.23368071862599e-09,1.4590932512607111e-09,1.3643517286317819e-09,1.3650769565354406e-09,1.3994924835670164e-09,1.931875855981594e-09,2.090114907325917e-09,2.3051135378995243e-09
2.151894465347558e-09,1.4226970583811842e-09,1.3464782667881202e-09,1.3425728189887676e-09,1.3692354386263591e-09,1.895474575736039e-09,2.0471354203021156e-09,2.2500960671170646e-09
2.069360054074132e-09,1.3848384916285698e-09,1.3269820457223795e-09,1.3181994576402443e-09,1.337285747937736e-09,1.856668028954996e-09,2.001566595713001e-09,2.1921568762084193e-09
1.9858613108162517e-09,1.345385203754793e-09,1.3057024059983371e-09,1.2917956131903375e-09,1.3034972785872266e-09,1.815239806851081e-09,1.9531848843343283e-09,2.131076625011068e-09
1.9011619845520566e-09,1.304180735698963e-09,1.2824478351321911e-09,1.2631718925191687e-09,1.2676990362553887e-09,1.770935904489395e-09,1.90172826241023e-09,2.066599762925406e-09
1.815001964277623e-09,1.2610397810290775e-09,1.256988805886467e-09,1.2321049460099575e-09,1.2296903286019501e-09,1.723457009970756e-09,1.8468886338024034e-09,1.99842805312876e-09
1.7270927743767671e-09,1.2157422545699947e-09,1.229048521957579e-09,1.1983301298560738e-09,1.1892347247121003e-09,1.6724487825671371e-09,1.7883023166669451e-09,1.9262126079868173e-09
1.6371121680355543e-09,1.1680257990693162e-09,1.1982908211871875e-09,1.161532172700576e-09,1.146052447483092e-09,1.6174894816984271e-09,1.725538028679183e-09,1.8495440228300607e-09
1.544697586787466e-09,1.1175762296757768e-09,1.16430416275812e-09,1.1213331834071696e-09,1.099810704919115e-09,1.5580740661696962e-09,1.6580815704613355e-09,1.7679400588975935e-09
1.4494381851604823e-09,1.0640152240545486e-09,1.1265801350362379e-09,1.0772770723247167e-09,1.0501112798067908e-09,1.493593531786499e-09,1.5853161000799202e-09,1.6808301370488376e-09
1.3508650260185006e-09,1.006884286979492e-09,1.0844841643136781e-09,1.0288090691335859e-09,9.964744276254263e-10,1.423307738249061e-09,1.506496445730118e-09,1.5875356380126627e-09
1.0890063796686638e-08,3.7017150685208212e-09,2.4307995312420246e-09,2.313786370926606e-09,2.7971004684433933e-09,3.887269535290795e-09,4.458988483500471e-09,5.396693172951903e-09
1.0374015487234812e-08,3.661778556891799e-09,2.442085866774607e-09,2.323185962695528e-09,2.789902355058353e-09,3.886987854332139e-09,4.4479374717919494e-09,5.361199681934561e-09
9.9045037095573e-09,3.6213380075286236e-09,2.452217351104341e-09,2.3315730836244942e-09,2.782217930496629e-09,3.885782749462945e-09,4.436123585906375e-09,5.325346586758049e-09
9.474799343034335e-09,3.580401919883585e-09,2.4611967148236324e-09,2.3389409047525663e-09,2.7740145635865874e-09,3.883615681455425e-09,4.423493589101133e-09,5.2890475154699886e-09
9.07938908765419e-09,3.538975778592392e-09,2.469025208174895e-09,2.345281075455508e-09,2.7652588958124293e-09,3.8804466803348074e-09,4.409993184104987e-09,5.25221644277127e-09
8.71371085240547e-09,3.4970621011718194e-09,2.4757024879220824e-09,2.3505836038627472e-09,2.755916676945134e-09,3.876234134864977e-09,4.395566748671035e-09,5.214767273062115e-09
8.37395519097112e-09,3.4546604565225796e-09,2.481226489550388e-09,2.3548367224438662e-09,2.7459525882362373e-09,3.8709345614680165e-09,4.380157051579297e-09,5.176613414942756e-09
8.056914299879589e-09,3.411767454517084e-09,2.485593282682994e-09,2.358026736726575e-09,2.7353300509657676e-09,3.864502349403078e-09,4.3637049455437635e-09,5.137667342530125e-09
7.759865776849385e-09,3.368376706428514e-09,2.488796907245279e-09,2.360137854774649e-09,2.7240110178288742e-09,3.8568894785407526e-09,4.346149032974638e-09,5.097840138639045e-09
7.480482126624083e-09,3.3244787554094573e-09,2.490829187474313e-09,2.3611519946577273e-09,2.7119557442737013e-09,3.848045205471138e-09,4.327425299963468e-09,5.057041014444803e-09
7.216759573869481e-09,3.2800609756740313e-09,2.491679520360105e-09,2.3610485666780516e-09,2.699122536466145e-09,3.837915712982169e-09,4.307466713142379e-09,5.015176799715206e-09
6.966961516960751e-09,3.235107438428017e-09,2.4913346344817076e-09,2.359804226553677e-09,2.6854674720214726e-09,3.826443717093247e-09,4.286202773215664e-09,4.972151397016357e-09
6.7295731987299206e-09,3.1895987419234704e-09,2.48977831445177e-09,2.357392595086959e-09,2.670944089013102e-09,3.813568024811758e-09,4.263559017938004e-09,4.927865192483309e-09
6.503265051730186e-09,3.1435118022749744e-09,2.4869910852755612e-09,2.353783939035196e-09,2.655503037996385e-09,3.799223034552435e-09,4.239456466074857e-09,4.882214414724282e-09
6.286862809126266e-09,3.096819600806326e-09,2.4829498498159204e-09,2.348944806920176e-09,2.639091690864256e-09,3.783338169671075e-09,4.213810992377562e-09,4.835090432206775e-09
6.079322932836171e-09,3.0494908827143404e-09,2.477627471203656e-09,2.3428376123275833e-09,2.6216536992285994e-09,3.765837233754538e-09,4.18653262180757e-09,4.786378977971986e-09
5.879712248883217e-09,3.0014898006515103e-09,2.470992290353685e-09,2.335420155793618e-09,2.603128493655839e-09,3.7466376741033795e-09,4.157524729008569e-09,4.735959288713557e-09
5.687190930926511e-09,2.952775495445297e-09,2.463007566689511e-09,2.3266450746112517e-09,2.5834507134275514e-09,3.725649737134624e-09,4.126683126352091e-09,4.683703143052816e-09
5.500998160683785e-09,2.903301604488508e-09,2.453630827604514e-09,2.3164592077017867e-09,2.5625495544502766e-09,3.702775496104565e-09,4.0938950205479015e-09,4.629473781154179e-09
5.320439935529315e-09,2.853015686303752e-09,2.442813108984296e-09,2.30480286000919e-09,2.54034802043543e-09,3.677907727417433e-09,4.059037813738452e-09,4.573124684548209e-09
5.144878600885359e-09,2.8018585473065717e-09,2.430498065085003e-09,2.291608947528356e-09,2.516762059361049e-09,3.650928606662024e-09,4.021977719931171e-09,4.51449819102488e-09
4.9737237668009564e-09,2.7497634537388792e-09,2.4166209209664772e-09,2.2768019999023e-09,2.4916995633734982e-09,3.621708189097399e-09,3.98256816133224e-09,4.453423914520812e-09
4.806424330468736e-09,2.6966552079681926e-09,2.4011072342020598e-09,2.2602969922777243e-09,2.465059205460047e-09,3.590102631228444e-09,3.940647901258386e-09,4.3897169338497864e-09
4.642461373936435e-09,2.642449063643334e-09,2.3838714242918366e-09,2.2419979714853643e-09,2.4367290801723896e-09,3.5559520999045787e-09,3.8960388603943174e-09,4.323175706590488e-09
4.4813417421007845e-09,2.587049448300465e-09,2.3648150175080467e-09,2.221796433189488e-09,2.4065851080174726e-09,3.5190783023549614e-09,3.848543550602186e-09,4.253579655058431e-09
4.322592132629525e-09,2.5303484545621848e-09,2.343824541008081e-09,2.1995693958718467e-09,2.3744891533978076e-09,3.479281553891106e-09,3.7979420444955755e-09,4.180686359548904e-09
4.165753548371685e-09,2.472224051617545e-09,2.3207689818573514e-09,2.175177103636433e-09,2.340286793512788e-09,3.436337278473039e-09,3.743988378471231e-09,4.104228279254076e-09
4.010375975209557e-09,2.412537956561356e-09,2.295496702583013e-09,2.148460271788874e-09,2.30380465955823e-09,3.3899918093048653e-09,3.686406260384481e-09,4.023908902546599e-09
3.856013154877524e-09,2.3511330895736933e-09,2.267831672881369e-09,2.119236765568111e-09,2.264847250682193e-09,3.339957319889722e-09,3.6248839185584398e-09,3.9393982044831974e-09
3.7022173232994524e-09,2.2878305166613913e-09,2.2375688340675268e-09,2.087297571293185e-09,2.223193093824816e-09,3.2859056673735992e-09,3.5590678835544e-09,3.850327258808436e-09
3.548533780462224e-09,2.222425757168939e-09,2.204468354385726e-09,2.0524018777785988e-09,2.178590086487013e-09,3.2274608651672807e-09,3.48855543424243e-09,3.756281812260836e-09
3.3944951472595733e-09,2.1546842982655656e-09,2.1682484529978843e-09,2.014271030235106e-09,2.1307498114291436e-09,3.1641898144768133e-09,3.4128853597560113e-09,3.6567945776161543e-09
3.239615147301585e-09,2.084336111991383e-09,2.1285763588616783e-09,1.972581043347849e-09,2.0793405476819274e-09,3.0955908054348607e-09,3.3315265811109603e-09,3.551335934512849e-09
3.0833817259874947e-09,2.011068907763637e-09,2.085056813663073e-09,1.926953256614274e-09,2.0239786145142903e-09,3.021079134855872e-09,3.243864029441921e-09,3.439302638019264e-09
2.925249283128487e-09,1.934519768077483e-09,2.037217303904008e-09,1.876942571187312e-09,1.9642175645016368e-09,2.9399689596528613e-09,3.1491809755682627e-09,3.3200040159367836e-09
2.7646297461658972e-09,1.8542646981855587e-09,1.984488882851033e-09,1.822022505306311e-09,1.899534574458561e-09,2.8514501833439633e-09,3.046636723728577e-09,3.192644975596134e-09
2.600882144335214e-09,1.7698054580275152e-09,1.926180965755986e-09,1.7615660173620172e-09,1.8293131475168395e-09,2.754558713077459e-09,2.9352381843413797e-09,3.0563049226829304e-09
2.4333002540297596e-09,1.6805528159977541e-09,1.8614477670938194e-09,1.6948206292096983e-09,1.752820903821653e-09,2.6481377566698352e-09,2.8138032709390707e-09,2.909911394269367e-09
2.26109776362963e-09,1.5858050379333231e-09,1.7892429576661156e-09,1.6208757706073667e-09,1.6691807513245902e-09,2.530786843424246e-09,2.6809132384090566e-09,2.75220678978951e-09
3.108282154232688e-09,5.713289232612008e-10,3.0512717517527806e-10,3.3627889725149675e-10,3.52864797007144e-10,4.779033381017567e-10,4.256312368656752e-10,2.685642314051091e-10
2.6615092492141904e-09,5.69531619464646e-10,3.1229840674257045e-10,3.45129845251462e-10,3.6170642227944596e-10,4.924742765788318e-10,4.4136641711389366e-10,2.86869347008942e-10
2.338910156491245e-09,5.676441706963401e-10,3.1933539161249787e-10,3.5386966551537927e-10,3.7039925139292366e-10,5.066093200415994e-10,4.564956516928506e-10,3.0419551830065286e-10
2.094516637462531e-09,5.656542789254402e-10,3.2623026171452506e-10,3.6248523694543903e-10,3.7892848567342886e-10,5.203002081296991e-10,4.710183451775864e-10,3.2056429372097496e-10
1.902529896798184e-09,5.63550282165921e-10,3.329749889818891e-10,3.709632408936569e-10,3.872792867827616e-10,5.335382982848692e-10,4.849333483208787e-10,3.359957890337493e-10
1.7473507804558563e-09,5.613210137907256e-10,3.395613569410978e-10,3.7929012328526935e-10,3.9543673059437207e-10,5.463145209367954e-10,4.982389235916181e-10,3.5050871994922517e-10
1.6189915593858611e-09,5.58955676518083e-10,3.4598092919721195e-10,3.874520527329137e-10,4.0338575765105617e-10,5.586193295821464e-10,5.109327058564275e-10,3.6412042787378376e-10
1.5107599487254926e-09,5.564437277221925e-10,3.52225014345395e-10,3.9543487405547606e-10,4.111111196198592e-10,5.704426450173727e-10,5.230116575689456e-10,3.7684689867237645e-10
1.418002617727132e-09,5.537747732305111e-10,3.582846267589532e-10,4.0322405651902574e-10,4.1859732107105004e-10,5.817737928649051e-10,5.34472017722754e-10,3.8870277424781977e-10
1.3373827753295763e-09,5.509384671521356e-10,3.6415044260862074e-10,4.1080463600172284e-10,4.2582855580200366e-10,5.92601433384802e-10,5.453092437008046e-10,3.9970135664777424e-10
1.2664444974654671e-09,5.479244155598712e-10,3.6981275035314536e-10,4.181611501481388e-10,4.3278863680190965e-10,6.029134823918292e-10,5.555179450026522e-10,4.098546043097353e-10
1.2033392430785094e-09,5.447220820386137e-10,3.7526139480273636e-10,4.2527756541255614e-10,4.394609188009495e-10,6.126970218860586e-10,5.650918076531877e-10,4.1917311993704386e-10
1.1466482234234664e-09,5.41320693231055e-10,3.8048571368903436e-10,4.3213719469359005e-10,4.4582821216775546e-10,6.219381987565419e-10,5.740235078826284e-10,4.276661293684449e-10
1.0952635834377124e-09,5.377091425630204e-10,3.8547446547206557e-10,4.3872260402223367e-10,4.518726866988104e-10,6.306221096097512e-10,5.823046134097534e-10,4.353414506501105e-10
1.048306855740566e-09,5.338758903202086e-10,3.902157468647535e-10,4.450155064752064e-10,4.575757635800687e-10,6.387326694079845e-10,5.899254703488167e-10,4.4220545234198955e-10
1.0050717137417059e-09,5.298088581793845e-10,3.946968982515519e-10,4.5099664113153424e-10,4.62917993479068e-10,6.462524611505093e-10,5.968750733850572e-10,4.4826299988069847e-10
9.649829651634306e-10,5.25495316163107e-10,3.9890439480003397e-10,4.566456344568476e-10,4.678789183338087e-10,6.531625632791023e-10,6.031409164005791e-10,4.5351738857427486e-10
9.275666419061233e-10,5.209217597889302e-10,4.028237205996057e-10,4.6194084096790366e-10,4.724369139254569e-10,6.594423508117527e-10,6.087088201732027e-10,4.5797026150837775e-10
8.924278219053191e-10,5.160737749083654e-10,4.064392225803711e-10,4.668591593717913e-10,4.765690097306833e-10,6.650692653682188e-10,6.135627330762292e-10,4.6162151028906887e-10
8.592339340440731e-10,5.109358873666245e-10,4.0973394023895047e-10,4.713758195575707e-10,4.802506818198361e-10,6.700185482095831e-10,6.176844998525581e-10,4.6446915611919875e-10
8.277020127630568e-10,5.054913941470425e-10,4.1268940628361824e-10,4.754641347992751e-10,4.834556136606751e-10,6.742629291102192e-10,6.210535924741487e-10,4.665092081849887e-10
7.975888378402824e-10,4.997221720655654e-10,4.1528541215221145e-10,4.790952122490844e-10,4.861554185544281e-10,6.777722622470049e-10,6.236467957714883e-10,4.677354956945269e-10
7.686832078467351e-10,4.936084593243083e-10,4.1749973087850675e-10,4.8223761318378e-10,4.883193160087722e-10,6.80513098217006e-10,6.254378388494541e-10,4.681394691266984e-10
7.407998084086397e-10,4.87128604276696e-10,4.193077878871799e-10,4.848569524151525e-10,4.899137525550728e-10,6.824481786700947e-10,6.263969612023543e-10,4.677099652862744e-10
7.137742830486561e-10,4.802587745462938e-10,4.206822678444992e-10,4.869154236483353e-10,4.909019552331597e-10,6.835358366691416e-10,6.264903997620431e-10,4.664329295583244e-10
6.874592168925116e-10,4.729726181026373e-10,4.215926424987857e-10,4.883712341906718e-10,4.912434030423837e-10,6.837292815492064e-10,6.256797796862091e-10,4.6429108725562654e-10
6.617208160220194e-10,4.6524086594189864e-10,4.220046002493631e-10,4.891779280257475e-10,4.908931978915845e-10,6.829757414040528e-10,6.239213872780495e-10,4.6126355406465987e-10
6.364361169788791e-10,4.5703086350978537e-10,4.2187935262700837e-10,4.892835705292606e-10,4.898013116889385e-10,6.812154289393602e-10,6.211652976909796e-10,4.5732537320529816e-10
6.114905980401364e-10,4.4830601477354024e-10,4.211727854421872e-10,4.88629760538378e-10,4.879116798145827e-10,6.783802866779771e-10,6.173543225675963e-10,4.5244696387314446e-10
5.86776090521787e-10,4.3902511865879944e-10,4.198344123332127e-10,4.871504254231774e-10,4.851611027773314e-10,6.743924545070973e-10,6.124227328538648e-10,4.465934616249866e-10
5.621889073264701e-10,4.2914157209166845e-10,4.1780607477376245e-10,4.847703412956524e-10,4.81477906619588e-10,6.691623850788178e-10,6.0629469883875e-10,4.3972392631456734e-10
5.376281191143446e-10,4.18602406677016e-10,4.1502031374313317e-10,4.814033021658298e-10,4.767802975397441e-10,6.62586508836074e-10,5.988823717406334e-10,4.317903866058943e-10
5.129939170959303e-10,4.0734711646916207e-10,4.1139831193704494e-10,4.769498367248474e-10,4.709743257061531e-10,6.545443178136347e-10,5.900835070793872e-10,4.2273668144620864e-10
4.881860063155395e-10,3.953062214605091e-10,4.0684726817403156e-10,4.712943365866921e-10,4.639513451250234e-10,6.448946920522495e-10,5.797784970300192e-10,4.124970474383607e-10
4.6310197482838214e-10,3.8239949404654925e-10,4.0125701226449935e-10,4.6430141087412814e-10,4.555848173949517e-10,6.33471228671525e-10,5.678266330453829e-10,4.0099438574563396e-10
4.37635582516322e-10,3.685337519727298e-10,3.944955908749431e-10,4.558112123710659e-10,4.4572625232581456e-10,6.200762426600155e-10,5.540613554863998e-10,3.8813812151425706e-10
4.116749082568425e-10,3.5360008840953366e-10,3.8640343983220615e-10,4.4563337984546136e-10,4.3420000024540154e-10,6.044729766899735e-10,5.382841549688522e-10,3.738215406215485e-10
3.8510028528909856e-10,3.3747036378499043e-10,3.7678558481148236e-10,4.335390935071632e-10,4.207964978243867e-10,5.863753634276303e-10,5.202566570010686e-10,3.5791844970350467e-10
3.5778194105388506e-10,3.199927187072479e-10,3.654010455216501e-10,4.192505201440419e-10,4.0526340326583717e-10,5.654343935611506e-10,4.996902257703253e-10,3.4027895116264584e-10
4.617044563213871e-08,9.33488698502622e-09,5.686241559262558e-09,5.133877548541085e-09,5.291589009242234e-09,7.965383088078994e-09,9.293178627447831e-09,1.2074532509608208e-08
4.087834972941475e-08,9.154996240530514e-09,5.713607329928077e-09,5.1578171368583965e-09,5.2851710980229455e-09,7.940899093081229e-09,9.242563994177248e-09,1.1961559962720009e-08
3.6644560988228496e-08,8.981948261783032e-09,5.7398190201762775e-09,5.180760611092671e-09,5.27803397535776e-09,7.915698324843161e-09,9.191531619844032e-09,1.1848876580073872e-08
3.317916425942923e-08,8.815168135158396e-09,5.7648314320404596e-09,5.202657390468039e-09,5.270135172171266e-09,7.889732200773246e-09,9.140011733813592e-09,1.1736343382881582e-08
3.02890714471657e-08,8.654122051879177e-09,5.788596885048441e-09,5.223454100598457e-09,5.261429909447264e-09,7.862948985629328e-09,9.087931080431173e-09,1.1623817786187497e-08
2.7840703314897322e-08,8.498312599045971e-09,5.8110649430267135e-09,5.243094284689414e-09,5.251870844383721e-09,7.835293457007898e-09,9.035212524799658e-09,1.1511153060470147e-08
2.573869463636628e-08,8.347274545013983e-09,5.832182106272792e-09,5.261518079090094e-09,5.241407786252663e-09,7.806706529510443e-09,8.981774612094775e-09,1.139819774172639e-08
2.391313202104196e-08,8.20057104361419e-09,5.851891463838853e-09,5.278661847945709e-09,5.229987377532585e-09,7.777124831436254e-09,8.927531073653614e-09,1.1284794982840905e-08
2.231158522241873e-08,8.057790191808231e-09,5.870132299718722e-09,5.29445777079956e-09,5.217552735152981e-09,7.746480226814259e-09,8.872390271915397e-09,1.1170781837958151e-08
2.089395507181732e-08,7.918541883633071e-09,5.886839645607292e-09,5.308833375907155e-09,5.204043045774339e-09,7.714699274277672e-09,8.816254574947359e-09,1.1055988470300536e-08
1.962904106193245e-08,7.782454909845133e-09,5.901943771544249e-09,5.32171101074031e-09,5.189393107966087e-09,7.681702612797065e-09,8.759019649649275e-09,1.0940237272358192e-08
1.8492194123632843e-08,7.649174257861281e-09,5.9153696040903766e-09,5.333007239574104e-09,5.173532812852361e-09,7.647404262360482e-09,8.700573660751869e-09,1.0823341885585764e-08
1.7463674251341415e-08,7.518358570568007e-09,5.9270360596797046e-09,5.342632156160076e-09,5.15638655322755e-09,7.611710825538178e-09,8.640796360386971e-09,1.0705106104610306e-08
1.652747770255997e-08,7.389677725416771e-09,5.936855278311546e-09,5.3504885971829704e-09,5.137872549254838e-09,7.574520573021333e-09,8.579558050080781e-09,1.0585322648425025e-08
1.5670484148555136e-08,7.262810497085535e-09,5.944731739709529e-09,5.356471239360367e-09,5.1179020765522074e-09,7.535722392951916e-09,8.516718393580601e-09,1.0463771778005524e-08
1.4881826250218777e-08,7.1374422678607005e-09,5.95056124032633e-09,5.360465559593627e-09,5.09637857964182e-09,7.49519457969585e-09,8.452125054592083e-09,1.0340219736125953e-08
1.415241667111189e-08,7.0132627497782865e-09,5.954229704879824e-09,5.362346633294309e-09,5.0731966502664845e-09,7.452803432598196e-09,8.385612128271153e-09,1.021441698079703e-08
1.3474588350801929e-08,6.889963681464231e-09,5.9556118002989125e-09,5.3619777407104174e-09,5.0482408457829445e-09,7.408401628974091e-09,8.316998328822702e-09,1.0086096178394526e-08
1.2841817460205317e-08,6.767236460369918e-09,5.954569312591138e-09,5.359208744476898e-09,5.021384317513473e-09,7.361826327626524e-09,8.246084887490674e-09,9.95496991613008e-09
1.2248507520507858e-08,6.6447696676218044e-09,5.950949237891786e-09,5.353874193325426e-09,4.99248721226732e-09,7.312896949288753e-09,8.172653105180205e-09,9.820728085641321e-09
1.1689819310474065e-08,6.522246437776167e-09,5.944581527131323e-09,5.345791096465008e-09,4.961394801898051e-09,7.261412567810457e-09,8.096461491349413e-09,9.683034879799188e-09
1.1161535419766093e-08,6.399341619082291e-09,5.9352764086640406e-09,5.334756299900527e-09,4.927935285187348e-09,7.207148829993528e-09,8.01724240491259e-09,9.541525333039861e-09
1.0659951265302336e-08,6.275718661017373e-09,5.922821193673594e-09,5.3205433790603465e-09,4.891917192921723e-09,7.149854301535004e-09,7.934698092675823e-09,9.395801320757662e-09
1.0181786484059691e-08,6.151026154381019e-09,5.906976443852805e-09,5.3028989403937105e-09,4.853126309848778e-09,7.0892461102531805e-09,7.848495995065243e-09,9.245426915084092e-09
9.72411211834334e-09,6.0248939343417244e-09,5.887471347645151e-09,5.281538196469736e-09,4.811322005062288e-09,7.025004723641301e-09,7.758263155674983e-09,9.08992297156836e-09
9.284290097599024e-09,5.8969286375909105e-09,5.863998107498776e-09,5.25613964243876e-09,4.766232833608779e-09,6.956767653090385e-09,7.663579528126761e-09,8.928760792491263e-09
8.859922315130397e-09,5.7667085799237916e-09,5.836205082129667e-09,5.2263386134541244e-09,4.717551234529354e-09,6.884121818214994e-09,7.563969917543931e-09,8.761354676322862e-09
8.448807181305362e-09,5.633777788296813e-09,5.8036883491751075e-09,5.191719438645141e-09,4.664927100912869e-09,6.806594226260959e-09,7.45889421985448e-09,8.587053116533396e-09
8.048901963752861e-09,5.4976389793986646e-09,5.765981246703587e-09,5.1518058214984255e-09,4.6079599315278925e-09,6.723640516153023e-09,7.347735523800553e-09,8.405128353756009e-09
7.658289539224616e-09,5.357745221658226e-09,5.7225413051596015e-09,5.106048960576486e-09,4.546189184852304e-09,6.6346307736777804e-09,7.229785508580321e-09,8.214763908819192e-09
7.275148408469941e-09,5.213489944879026e-09,5.672733777015705e-09,5.053812766051363e-09,4.479082335898217e-09,6.538831827956038e-09,7.1042263913208294e-09,8.015039624729205e-09
6.897724983202278e-09,5.0641948648678245e-09,5.615810683755344e-09,4.994355308521413e-09,4.406019970992592e-09,6.435384966867627e-09,6.9701084339673425e-09,7.804913615366844e-09
6.524307255614325e-09,4.909095260452174e-09,5.550883889028917e-09,4.926805330086911e-09,4.326277026260382e-09,6.323277625923287e-09,6.826321680241289e-09,7.583200346322118e-09
6.1531990127800285e-09,4.747321864140187e-09,5.4768901117389e-09,4.850132213185871e-09,4.2389989531644436e-09,6.2013070593525026e-09,6.6715601183786484e-09,7.348543843587352e-09
5.782693764164012e-09,4.577878386391993e-09,5.392544916350836e-09,4.763107177780264e-09,4.143171135035684e-09,6.068033212851288e-09,6.504275790246038e-09,7.099384716293075e-09
5.411047509282423e-09,4.399613359321314e-09,5.2962814041896684e-09,4.6642525648387565e-09,4.0375792143243175e-09,5.92171685809625e-09,6.3226193944847915e-09,6.8339192587380325e-09
5.036449379362547e-09,4.2111845170845815e-09,5.1861673223086124e-09,4.5517747083770096e-09,3.9207570145619335e-09,5.7602373157985205e-09,6.124362506538055e-09,6.550048317791876e-09
4.656989031820839e-09,4.0110132645292624e-09,5.059791173351164e-09,4.423473847121597e-09,3.790917282388506e-09,5.580981453165844e-09,5.90679441618392e-09,6.245312805700798e-09
2.7088569270171512e-08,3.797225826172699e-09,4.914102902293077e-09,4.276621359622795e-09,3.645858252602806e-09,5.380691532079548e-09,5.6665833622819686e-09,5.91681160188109e-09
1.9606579557563785e-08,1.4032931682509335e-09,7.161001871820472e-10,6.423871419419463e-10,6.682185408361585e-10,9.752910672772323e-10,1.1785677047273652e-09,1.3739832772831912e-09
1.535510279645913e-08,1.3916320284214915e-09,7.264531892295827e-10,6.525056095609869e-10,6.748929833681368e-10,9.88126609833889e-10,1.1886144178683483e-09,1.3845097771088123e-09
1.2611414228443705e-08,1.3797582608825894e-09,7.367075661634237e-10,6.62543905379476e-10,6.814240513585681e-10,1.000818694055955e-09,1.1983666633992678e-09,1.3942227585355022e-09
1.0692717664777211e-08,1.367671580905695e-09,7.4686024486557e-10,6.724952967938506e-10,6.878039232153251e-10,1.0133543586349646e-09,1.20780877902614e-09,1.4031146223669536e-09
9.274338448480268e-09,1.355370783348152e-09,7.569079394392619e-10,6.823526108928582e-10,6.94024386154162e-10,1.0257201484339106e-09,1.2169244574865679e-09,1.4111767310854715e-09
8.182146916698681e-09,1.3428537262500262e-09,7.668471283475369e-10,6.921081902756456e-10,7.000767948635073e-10,1.0379020597398178e-09,1.2256966718299223e-09,1.41839932686094e-09
7.314363065559941e-09,1.3301173058881983e-09,7.766740284328332e-10,7.017538431955426e-10,7.05952024961901e-10,1.0498854783795136e-09,1.2341075916917115e-09,1.424771440273269e-09
6.60751324535557e-09,1.3171574228186811e-09,7.863845653076938e-10,7.112807871530004e-10,7.116404204672814e-10,1.061655109587035e-09,1.2421384892341307e-09,1.4302807885458448e-09
6.0199556236908525e-09,1.3039689382779566e-09,7.959743395082645e-10,7.206795849032988e-10,7.171317343563418e-10,1.0731948983100142e-09,1.2497696332016664e-09,1.4349136619090379e-09
5.523234294670453e-09,1.2905456201319955e-09,8.05438587681841e-10,7.299400716521574e-10,7.22415061131194e-10,1.084487938396754e-09,1.2569801692652124e-09,1.438654796493507e-09
5.097240347719399e-09,1.2768800773584791e-09,8.147721379357351e-10,7.390512719806345e-10,7.274787601078982e-10,1.095516368808409e-09,1.2637479845053643e-09,1.441487231907085e-09
4.727357914359706e-09,1.2629636818130267e-09,8.239693582905146e-10,7.480013047578945e-10,7.323103679022737e-10,1.1062612546419455e-09,1.2700495534881682e-09,1.4433921513412535e-09
4.402705988925536e-09,1.2487864757582402e-09,8.330240969604905e-10,7.567772739533588e-10,7.3689649829422e-10,1.116702450299248e-09,1.2758597629155587e-09,1.4443487017135099e-09
4.115014673340251e-09,1.234337063310071e-09,8.419296129033471e-10,7.65365142835171e-10,7.412227272937747e-10,1.1268184415974774e-09,1.2811517112464843e-09,1.4443337909189475e-09
3.857883886889721e-09,1.219602483578831e-09,8.506784947329487e-10,7.737495885144214e-10,7.452734607908411e-10,1.1365861629377015e-09,1.2858964789829716e-09,1.4433218587744583e-09
3.626280797540591e-09,1.2045680628220166e-09,8.592625656514881e-10,7.819138331434484e-10,7.490317816300646e-10,1.1459807848072627e-09,1.2900628644462543e-09,1.4412846176329463e-09
3.41619082233791e-09,1.189217242376095e-09,8.676727714979611e-10,7.898394472584301e-10,7.52479272276977e-10,1.1549754658416501e-09,1.2936170787960607e-09,1.4381907579318434e-09
3.2243700698885823e-09,1.1735313784685542e-09,8.758990483043381e-10,7.975061197357693e-10,7.555958084061281e-10,1.1635410623523106e-09,1.296522392724783e-09,1.4340056130658115e-09
3.048166379148868e-09,1.157489509191305e-09,8.839301648378636e-10,8.048913875365341e-10,7.583593176893476e-10,1.1716457865513259e-09,1.298738725608092e-09,1.4286907769315135e-09
2.8853877203605704e-09,1.1410680829162567e-09,8.917535344324901e-10,8.119703167710506e-10,7.60745496741108e-10,1.1792548025807784e-09,1.3002221658270831e-09,1.4222036662083624e-09
2.734203911916081e-09,1.1242406411917586e-09,8.993549888771807e-10,8.187151245137618e-10,7.62727477497563e-10,1.1863297467244883e-09,1.3009244083765144e-09,1.4144970178843135e-09
2.593072167613263e-09,1.1069774476197012e-09,9.067185051190167e-10,8.250947280909353e-10,7.642754321670927e-10,1.1928281546642406e-09,1.3007920925836687e-09,1.405518310626471e-09
2.4606799472655247e-09,1.0892450522768111e-09,9.138258728663911e-10,8.310742050484165e-10,7.653561031347781e-10,1.1987027740620422e-09,1.2997660185510823e-09,1.3952090962330308e-09
2.3359005415605934e-09,1.0710057788251494e-09,9.206562876167435e-10,8.366141424128221e-10,7.65932240644547e-10,1.2039007347552344e-09,1.29778021555426e-09,1.3835042244892312e-09
2.217758141502552e-09,1.052217118371446e-09,9.271858488187747e-10,8.41669847795355e-10,7.659619264359242e-10,1.2083625409246056e-09,1.294760828644484e-09,1.3703309411225379e-09
2.105400046633253e-09,1.0328310102145791e-09,9.333869363132122e-10,8.461903868244376e-10,7.653977554030861e-10,1.2120208390121227e-09,1.290624780617368e-09,1.355607833987942e-09
1.99807429452833e-09,1.0127929845861375e-09,9.392274291446547e-10,8.501174005585918e-10,7.641858392451211e-10,1.2147989009372883e-09,1.285278154582429e-09,1.3392435969030454e-09
1.895111436652668e-09,9.920411359624906e-10,9.446697181936247e-10,8.533836418344326e-10,7.622645852286587e-10,1.216608742773641e-09,1.2786142265469583e-09,1.321135573285699e-09
1.7959095008411855e-09,9.705048870420091e-10,9.496694462058366e-10,8.559111493468526e-10,7.595631885286891e-10,1.2173487724079846e-09,1.270511056293433e-09,1.3011680325004426e-09
1.699921407264702e-09,9.48103492303817e-10,9.541738831517955e-10,8.57608950287596e-10,7.559997565811421e-10,1.2169008225996315e-09,1.2608285162913414e-09,1.279210119938746e-09
1.6066442685304627e-09,9.247442152705655e-10,9.581198075216023e-10,8.583701430780853e-10,7.514789562160739e-10,1.2151263735655991e-09,1.2494045994501895e-09,1.2551134065031342e-09
1.5156101231399032e-09,9.003200937878075e-10,9.614307088772195e-10,8.580681557768883e-10,7.458890356399602e-10,1.211861694476079e-09,1.2360507928135458e-09,1.2287089431672303e-09
1.4263777368753042e-09,8.747071808705642e-10,9.640130436419724e-10,8.565518948881692e-10,7.3909801849542e-10,1.2069115247856682e-09,1.2205462292921247e-09,1.1998036999909203e-09
1.3385251667912991e-09,8.477611121316009e-10,9.657511479253027e-10,8.536393806068997e-10,7.309487884222254e-10,1.2000407564366101e-09,1.2026302234701434e-09,1.1681762341880328e-09
1.251642822913765e-09,8.193128003418184e-10,9.66500209636218e-10,8.491092872224934e-10,7.212526674907173e-10,1.1909633379295938e-09,1.181992645322108e-09,1.1335713853026223e-09
1.165326786827774e-09,7.891629871400823e-10,9.66076377432674e-10,8.426895374656277e-10,7.09780921131713e-10,1.179327253905242e-09,1.1582613640366043e-09,1.0956937327500166e-09
1.0791721559846455e-09,7.57075282026961e-10,9.64242546451754e-10,8.340416799200697e-10,6.962533640101988e-10,1.164693859400971e-09,1.130985665857507e-09,1.05419946531699e-09
9.927661783572524e-10,7.227671752965337e-10,9.60687442999182e-10,8.227391109168222e-10,6.803228429988126e-10,1.1465089279641135e-09,1.0996140547779846e-09,1.0086861940465954e-09
3.959391462090663e-08,6.858983022908288e-10,9.549940082492806e-10,8.082361122159124e-10,6.615537450517105e-10,1.1240612598851683e-09,1.0634640832069879e-09,9.586800749606695e-10
3.1666089295301936e-08,3.5171608601213e-09,1.8461815719152133e-09,1.6983385957637195e-09,1.9177867153663668e-09,3.476385707820856e-09,4.204974005556615e-09,5.2702540267000445e-09
2.63226416221616e-08,3.45606681243663e-09,1.863941195190898e-09,1.7130840819161687e-09,1.927584083670572e-09,3.494159803529665e-09,4.207851094181606e-09,5.245409103756479e-09
2.247404137599049e-08,3.396789993407291e-09,1.8818693488172153e-09,1.7279587391816792e-09,1.937256669793892e-09,3.511733944382428e-09,4.210304787311803e-09,5.2200135028157236e-09
1.9567609126267252e-08,3.339207884241957e-09,1.8999640349558348e-09,1.7429540822044283e-09,1.9467890107048687e-09,3.5290952388799383e-09,4.2123095298281885e-09,5.194012861078675e-09
1.7293114610864552e-08,3.2832035385015603e-09,1.918223235326049e-09,1.758060946738901e-09,1.956164797452841e-09,3.546230020151103e-09,4.213838102470602e-09,5.1673501255818525e-09
1.5462961137852112e-08,3.2286649740352723e-09,1.9366449121845073e-09,1.773269416404252e-09,1.9653667861618387e-09,3.5631237612360703e-09,4.2148614442855176e-09,5.139965293926117e-09
1.395703196476718e-08,3.175484597479054e-09,1.955227009528178e-09,1.7885687396063143e-09,1.974376697402612e-09,3.5797609787653613e-09,4.215348452277718e-09,5.1117951265643865e-09
1.269484551915686e-08,3.1235586549457703e-09,1.97396745456298e-09,1.8039472350461279e-09,1.983175102133349e-09,3.5961251231243892e-09,4.2152657547660885e-09,5.082772826921078e-09
1.1620446622491072e-08,3.072786702768871e-09,1.9928641594868862e-09,1.819392183937497e-09,1.9917412920686176e-09,3.612198452848572e-09,4.214577454320401e-09,5.052827685006857e-09
1.06937187901391e-08,3.023071092295747e-09,2.011915023645325e-09,1.8348897066916194e-09,2.000053131938628e-09,3.6279618905266133e-09,4.213244835411572e-09,5.021884679538882e-09
9.885144417666593e-09,2.9743164627125193e-09,2.031117936133036e-09,1.8504246213893714e-09,2.008086890616901e-09,3.643394856964328e-09,4.21122603097565e-09,4.989864032800103e-09
9.172515400962828e-09,2.926429235759607e-09,2.0504707789285542e-09,1.8659802808102158e-09,2.01581704750107e-09,3.6584750796791763e-09,4.2084756409935415e-09,4.956680711478301e-09
8.538796573090216e-09,2.879317105914591e-09,2.0699714306668792e-09,1.881538384128017e-09,2.0232160698117718e-09,3.6731783709602387e-09,4.204944294840519e-09,4.922243865673009e-09
7.970696531544718e-09,2.832888519180349e-09,2.089617771185659e-09,1.897078758539745e-09,2.030254155580839e-09,3.687478369697963e-09,4.200578147452469e-09,4.886456196870718e-09
7.457686819523065e-09,2.7870521330021242e-09,2.1094076870036382e-09,1.9125791050682487e-09,2.036898935998587e-09,3.70134623988508e-09,4.195318297367118e-09,4.849213244159681e-09
6.9913134294375285e-09,2.741716248999558e-09,2.129339077937395e-09,1.92801470147555e-09,2.0431151294192794e-09,3.714750317065831e-09,4.189100112091299e-09,4.8104025759899245e-09
6.564703702117309e-09,2.696788209103288e-09,2.149409865106045e-09,1.9433580535839598e-09,2.0488641376069348e-09,3.727655691914833e-09,4.181852443121241e-09,4.76990287256704e-09
6.172206748653917e-09,2.652173744289582e-09,2.1696180006460223e-09,1.958578484232245e-09,2.05410357265455e-09,3.740023717527824e-09,4.17349670895429e-09,4.727582881106132e-09
5.809126927823448e-09,2.6077762633051442e-09,2.189961479537663e-09,1.9736416464316983e-09,2.0587867002728764e-09,3.751811423579954e-09,4.163945819444269e-09,4.683300222940706e-09
5.471523328742521e-09,2.5634960665137404e-09,2.2104383540616507e-09,1.988508943882848e-09,2.0628617816812948e-09,3.762970816146776e-09,4.153102908514807e-09,4.63690002725629e-09
5.156056816409923e-09,2.5192294671057394e-09,2.231046751545936e-09,2.0031368375909702e-09,2.0662712918735607e-09,3.773448036277594e-09,4.140859834165355e-09,4.588213361322695e-09
4.859871838060985e-09,2.4748677982848773e-09,2.251784896268725e-09,2.0174760115584717e-09,2.0689509862960404e-09,3.7831823429192124e-09,4.127095394348955e-09,4.537055420884786e-09
4.5805039545822e-09,2.430296280387065e-09,2.272651136639655e-09,2.031470362936155e-09,2.0708287804867663e-09,3.7921048758488305e-09,4.111673193856272e-09,4.483223436802465e-09
4.315806619896532e-09,2.3853927160014804e-09,2.2936439791492446e-09,2.045055771959042e-09,2.0718233974448877e-09,3.800137141035816e-09,4.094439079895616e-09,4.426494244557445e-09
4.063892496125154e-09,2.340025973576233e-09,2.314762131072573e-09,2.058158593485966e-09,2.0718427245335286e-09,3.807189142938904e-09,4.075218041045462e-09,4.366621451515647e-09
3.8230858265613615e-09,2.294054210230779e-09,2.3360045546021848e-09,2.070693793726584e-09,2.070781804437305e-09,3.813157063826262e-09,4.0538104338414124e-09,4.303332121981425e-09
3.591883261545547e-09,2.2473227718537103e-09,2.357370536064728e-09,2.0825626307665526e-09,2.0685203614351184e-09,3.817920356545366e-09,4.029987360527958e-09,4.2363228814270145e-09
3.368921155461988e-09,2.199661692013873e-09,2.378859775267642e-09,2.0936497429974947e-09,2.0649197325481367e-09,3.821338070171028e-09,4.0034849665152625e-09,4.165255317550284e-09
3.152947800621681e-09,2.1508826894790856e-09,2.4004725020509787e-09,2.1038194612228943e-09,2.059819029564982e-09,3.823244161502989e-09,3.973997351031191e-09,4.0897505253965934e-09
2.942799384824677e-09,2.10077553524387e-09,2.422209630093588e-09,2.112911091656713e-09,2.053030297235944e-09,3.8234414500833614e-09,3.941167680854229e-09,4.009382604701624e-09
2.737378688037359e-09,2.0491036213180133e-09,2.444072962518778e-09,2.1207328183690477e-09,2.044332347371973e-09,3.821693735667071e-09,3.904576952330912e-09,3.923670866772762e-09
2.5356356918654947e-09,1.995598511247648e-09,2.466065470693401e-09,2.127053729532017e-09,2.033462826218596e-09,3.8177153916813905e-09,3.863729642040647e-09,3.832070441899064e-09
2.336549378276749e-09,1.939953180906624e-09,2.4881916783369963e-09,2.131593257438226e-09,2.0201078948736475e-09,3.8111574386024875e-09,3.818035192476612e-09,3.73396089056594e-09
2.1391100501590036e-09,1.881813559422749e-09,2.510458200261674e-09,2.134006997638593e-09,2.0038886405810947e-09,3.8015886250985535e-09,3.766783850699645e-09,3.628632305343072e-09
