0.0,2.0606060606060608e-05,4.1212121212121216e-05,6.181818181818182e-05,8.242424242424243e-05,0.00010303030303030305,0.00012363636363636364,0.00014424242424242425,0.00016484848484848487,0.00018545454545454548,0.0002060606060606061,0.00022666666666666668,0.00024727272727272727,0.0002678787878787879,0.0002884848484848485,0.00030909090909090914,0.00032969696969696973,0.0003503030303030303,0.00037090909090909096,0.00039151515151515155,0.0004121212121212122,0.0004327272727272728,0.00045333333333333337,0.000473939393939394,0.0004945454545454545,0.0005151515151515152,0.0005357575757575758,0.0005563636363636364,0.000576969696969697,0.0005975757575757576,0.0006181818181818183,0.0006387878787878789,0.0006593939393939395,0.00068,0.0007006060606060606,0.0007212121212121213,0.0007418181818181819,0.0007624242424242425,0.0007830303030303031,0.0008036363636363637,0.0008242424242424244,0.000844848484848485,0.0008654545454545456,0.0008860606060606061,0.0009066666666666667,0.0009272727272727273,0.000947878787878788,0.0009684848484848486,0.000989090909090909,0.0010096969696969699,0.0010303030303030305,0.001050909090909091,0.0010715151515151517,0.0010921212121212122,0.0011127272727272728,0.0011333333333333334,0.001153939393939394,0.0011745454545454546,0.0011951515151515152,0.001215757575757576,0.0012363636363636366,0.0012569696969696972,0.0012775757575757577,0.0012981818181818183,0.001318787878787879,0.0013393939393939395,0.00136,0.0013806060606060607,0.0014012121212121213,0.0014218181818181819,0.0014424242424242427,0.0014630303030303033,0.0014836363636363638,0.0015042424242424244,0.001524848484848485,0.0015454545454545456,0.0015660606060606062,0.0015866666666666668,0.0016072727272727274,0.001627878787878788,0.0016484848484848488,0.0016690909090909093,0.00168969696969697,0.0017103030303030305,0.0017309090909090911,0.0017515151515151517,0.0017721212121212123,0.0017927272727272729,0.0018133333333333335,0.001833939393939394,0.0018545454545454546,0.0018751515151515154,0.001895757575757576,0.0019163636363636366,0.0019369696969696972,0.001957575757575758,0.001978181818181818,0.001998787878787879,0.0020193939393939398,0.00204
6.488470327682904e-10,6.46511776642437e-10,6.441741498275419e-10,6.418350855897738e-10,6.394955171953025e-10,6.371563779102973e-10,6.348186010009272e-10,6.324831197333618e-10,6.301508673737702e-10,6.278227771883218e-10,6.254997824431862e-10,6.231828164045325e-10,6.208728123385296e-10,6.185707035113471e-10,6.16277423189155e-10,6.139939046381216e-10,6.11721081124417e-10,6.094598859142098e-10,6.072112522736698e-10,6.049761134689663e-10,6.027554027662685e-10,6.005500534317459e-10,5.983609987315674e-10,5.961891719319026e-10,5.940355062989209e-10,5.919009350987913e-10,5.897863915976837e-10,5.876928090617666e-10,5.856211207572104e-10,5.835722599501831e-10,5.815471599068549e-10,5.795467538933949e-10,5.775719751759726e-10,5.756237570207573e-10,5.737030326939177e-10,5.718107354616238e-10,5.699477985900445e-10,5.681151553453495e-10,5.663137389937081e-10,5.645444828012892e-10,5.628083200342626e-10,5.611061839587971e-10,5.594390078410624e-10,5.578077249472277e-10,5.562132685434626e-10,5.546565718959358e-10,5.53138568270817e-10,5.516601909342756e-10,5.502223731524809e-10,5.488260481916021e-10,5.474721493178083e-10,5.461616097972691e-10,5.44895362896154e-10,5.43674341880632e-10,5.424994800168724e-10,5.413717105710448e-10,5.402919668093182e-10,5.392611819978621e-10,5.382802894028457e-10,5.373502222904386e-10,5.364719139268097e-10,5.356462975781287e-10,5.348743065105645e-10,5.341568739902869e-10,5.334949332834648e-10,5.328894176562678e-10,5.323412603748651e-10,5.31851394705426e-10,5.3142075391412e-10,5.310502712671161e-10,5.307408800305837e-10,5.304935134706925e-10,5.303091048536113e-10,5.301885874455097e-10,5.301328945125569e-10,5.301429593209223e-10,5.302197151367752e-10,5.303640952262848e-10,5.305770328556207e-10,5.308594612909519e-10,5.312123137984479e-10,5.316365236442779e-10,5.321330240946115e-10,5.327027484156177e-10,5.333466298734659e-10,5.340656017343253e-10,5.348605972643656e-10,5.357325497297557e-10,5.366823923966653e-10,5.377110585312632e-10,5.388194813997192e-10,5.400085942682025e-10,5.412793304028823e-10,5.42632623069928e-10,5.440694055355089e-10,5.455906110657942e-10,5.471971729269535e-10,5.488900243851558e-10,5.506700987065707e-10,5.525383291573673e-10
6.803380388915359e-10,6.75334476991442e-10,6.704456946918311e-10,6.65670538627473e-10,6.610078554331377e-10,6.564564917435957e-10,6.520152941936168e-10,6.476831094179707e-10,6.434587840514282e-10,6.393411647287587e-10,6.353290980847329e-10,6.314214307541206e-10,6.276170093716915e-10,6.239146805722161e-10,6.203132909904645e-10,6.168116872612064e-10,6.134087160192125e-10,6.101032238992521e-10,6.068940575360957e-10,6.037800635645135e-10,6.007600886192754e-10,5.978329793351514e-10,5.94997582346912e-10,5.922527442893264e-10,5.895973117971654e-10,5.870301315051989e-10,5.845500500481972e-10,5.821559140609296e-10,5.798465701781671e-10,5.776208650346791e-10,5.75477645265236e-10,5.734157575046079e-10,5.714340483875646e-10,5.695313645488767e-10,5.677065526233137e-10,5.659584592456459e-10,5.642859310506431e-10,5.62687814673076e-10,5.611629567477143e-10,5.597102039093279e-10,5.583284027926873e-10,5.570164000325621e-10,5.557730422637226e-10,5.54597176120939e-10,5.534876482389814e-10,5.524433052526192e-10,5.514629937966233e-10,5.505455605057636e-10,5.496898520148099e-10,5.488947149585325e-10,5.481589959717012e-10,5.474815416890864e-10,5.46861198745458e-10,5.462968137755861e-10,5.457872334142406e-10,5.453313042961921e-10,5.449278730562099e-10,5.445757863290647e-10,5.442738907495263e-10,5.440210329523651e-10,5.438160595723505e-10,5.436578172442533e-10,5.435451526028431e-10,5.434769122828901e-10,5.434519429191644e-10,5.434690911464361e-10,5.435272035994753e-10,5.436251269130519e-10,5.437617077219363e-10,5.439357926608981e-10,5.441462283647078e-10,5.443918614681352e-10,5.446715386059505e-10,5.449841064129237e-10,5.453284115238251e-10,5.457033005734245e-10,5.461076201964918e-10,5.465402170277977e-10,5.469999377021118e-10,5.474856288542042e-10,5.479961371188452e-10,5.485303091308045e-10,5.490869915248527e-10,5.496650309357595e-10,5.502632739982949e-10,5.508805673472291e-10,5.515157576173323e-10,5.521676914433743e-10,5.528352154601256e-10,5.535171763023559e-10,5.542124206048352e-10,5.54919795002334e-10,5.55638146129622e-10,5.563663206214694e-10,5.571031651126464e-10,5.578475262379228e-10,5.585982506320689e-10,5.593541849298544e-10,5.6011417576605e-10,5.608770697754253e-10
9.41508413805933e-10,9.342954306809054e-10,9.272387713099093e-10,9.203372132953328e-10,9.135895342395649e-10,9.069945117449957e-10,9.00550923414013e-10,8.942575468490063e-10,8.881131596523651e-10,8.821165394264776e-10,8.762664637737336e-10,8.705617102965218e-10,8.650010565972308e-10,8.595832802782504e-10,8.543071589419696e-10,8.491714701907766e-10,8.441749916270617e-10,8.393165008532125e-10,8.345947754716189e-10,8.3000859308467e-10,8.255567312947548e-10,8.212379677042621e-10,8.170510799155812e-10,8.129948455311004e-10,8.090680421532097e-10,8.052694473842976e-10,8.015978388267535e-10,7.98051994082966e-10,7.946306907553247e-10,7.913327064462178e-10,7.881568187580349e-10,7.851018052931651e-10,7.821664436539974e-10,7.79349511442921e-10,7.766497862623242e-10,7.740660457145966e-10,7.71597067402127e-10,7.692416289273051e-10,7.669985078925193e-10,7.648664819001587e-10,7.628443285526124e-10,7.609308254522693e-10,7.591247502015187e-10,7.574248804027497e-10,7.558299936583511e-10,7.543388675707116e-10,7.52950279742221e-10,7.516630077752681e-10,7.504758292722416e-10,7.49387521835531e-10,7.483968630675248e-10,7.475026305706124e-10,7.46703601947183e-10,7.459985547996252e-10,7.453862667303284e-10,7.448655153416815e-10,7.444350782360733e-10,7.44093733015893e-10,7.4384025728353e-10,7.436734286413731e-10,7.435920246918109e-10,7.435948230372331e-10,7.436806012800284e-10,7.43848137022586e-10,7.440962078672945e-10,7.444235914165435e-10,7.448290652727218e-10,7.453114070382184e-10,7.458693943154224e-10,7.465018047067228e-10,7.472074158145087e-10,7.479850052411693e-10,7.48833350589093e-10,7.497512294606697e-10,7.507374194582878e-10,7.517906981843366e-10,7.52909843241205e-10,7.540936322312821e-10,7.553408427569572e-10,7.566502524206189e-10,7.580206388246566e-10,7.59450779571459e-10,7.609394522634154e-10,7.624854345029151e-10,7.640875038923463e-10,7.657444380340987e-10,7.674550145305611e-10,7.692180109841227e-10,7.710322049971727e-10,7.728963741720993e-10,7.748092961112925e-10,7.767697484171409e-10,7.787765086920336e-10,7.808283545383598e-10,7.829240635585083e-10,7.85062413354868e-10,7.872421815298285e-10,7.89462145685778e-10,7.917210834251065e-10,7.940177723502024e-10
2.2936382406929225e-09,2.2663646798797273e-09,2.2397406821204098e-09,2.21376096563105e-09,2.1884202486277308e-09,2.1637132493265335e-09,2.13963468594354e-09,2.1161792766948296e-09,2.0933417397964863e-09,2.0711167934645907e-09,2.0494991559152245e-09,2.028483545364469e-09,2.0080646800284045e-09,1.9882372781231144e-09,1.96899605786468e-09,1.9503357374691807e-09,1.932251035152701e-09,1.91473666913132e-09,1.8977873576211205e-09,1.8813978188381834e-09,1.865562770998591e-09,1.8502769323184238e-09,1.8355350210137642e-09,1.8213317553006924e-09,1.807661853395291e-09,1.7945200335136412e-09,1.7819010138718248e-09,1.7697995126859224e-09,1.7582102481720172e-09,1.7471279385461884e-09,1.7365473020245187e-09,1.7264630568230896e-09,1.7168699211579833e-09,1.7077626132452807e-09,1.6991358513010626e-09,1.6909843535414107e-09,1.683302838182407e-09,1.6760860234401331e-09,1.6693286275306704e-09,1.6630253686701e-09,1.6571709650745038e-09,1.6517601349599626e-09,1.646787596542559e-09,1.642248068038374e-09,1.638136267663489e-09,1.6344469136339847e-09,1.6311747241659442e-09,1.6283144174754478e-09,1.625860711778578e-09,1.6238083252914152e-09,1.6221519762300414e-09,1.620886382810538e-09,1.6200062632489867e-09,1.619506335761469e-09,1.6193813185640663e-09,1.6196259298728605e-09,1.6202348879039317e-09,1.6212029108733628e-09,1.6225247169972345e-09,1.6241950244916296e-09,1.6262085515726278e-09,1.6285600164563118e-09,1.6312441373587628e-09,1.634255632496062e-09,1.6375892200842911e-09,1.6412396183395317e-09,1.6452015454778654e-09,1.6494697197153732e-09,1.6540388592681372e-09,1.6589036823522386e-09,1.6640589071837586e-09,1.6694992519787796e-09,1.6752194349533822e-09,1.6812141743236482e-09,1.6874781883056591e-09,1.694006195115496e-09,1.7007929129692411e-09,1.7078330600829756e-09,1.7151213546727811e-09,1.722652514954739e-09,1.7304212591449307e-09,1.7384223054594375e-09,1.7466503721143414e-09,1.755100177325724e-09,1.763766439309666e-09,1.7726438762822493e-09,1.7817272064595553e-09,1.791011148057666e-09,1.8004904192926628e-09,1.810159738380626e-09,1.8200138235376388e-09,1.8300473929797817e-09,1.8402551649231364e-09,1.8506318575837846e-09,1.8611721891778074e-09,1.8718708779212863e-09,1.8827226420303037e-09,1.89372219972094e-09,1.904864269209277e-09,1.9161435687113965e-09
2.8491814228683104e-09,2.8074379092013856e-09,2.766638255742451e-09,2.726776284814838e-09,2.6878458187418773e-09,2.649840679846903e-09,2.612754690453246e-09,2.5765816728842365e-09,2.54131544946321e-09,2.5069498425134954e-09,2.4734786743584267e-09,2.4408957673213353e-09,2.4091949437255513e-09,2.3783700258944092e-09,2.3484148361512405e-09,2.3193231968193756e-09,2.2910889302221486e-09,2.2637058586828894e-09,2.2371678045249304e-09,2.2114685900716046e-09,2.1866020376462438e-09,2.162561969572179e-09,2.1393422081727434e-09,2.116936575771267e-09,2.0953388946910833e-09,2.0745429872555244e-09,2.0545426757879212e-09,2.0353317826116064e-09,2.0169041300499124e-09,1.99925354042617e-09,1.982373836063711e-09,1.9662588392858685e-09,1.9509023724159745e-09,1.9362982577773604e-09,1.9224403176933572e-09,1.9093223744872983e-09,1.896938250482515e-09,1.885281768002339e-09,1.874346749370104e-09,1.8641270169091394e-09,1.854616392942779e-09,1.8458086997943534e-09,1.8376977597871957e-09,1.8302773952446373e-09,1.8235414284900112e-09,1.8174836818466469e-09,1.8120979776378785e-09,1.8073781381870372e-09,1.803317985817455e-09,1.799911342852464e-09,1.797152031615396e-09,1.7950338744295826e-09,1.7935506936183567e-09,1.7926963115050497e-09,1.7924645504129931e-09,1.7928492326655202e-09,1.7938441805859608e-09,1.7954432164976487e-09,1.7976401627239148e-09,1.8004288415880924e-09,1.8038030754135118e-09,1.807756686523506e-09,1.8122834972414066e-09,1.8173773298905457e-09,1.8230320067942546e-09,1.8292413502758658e-09,1.8359991826587119e-09,1.8432993262661236e-09,1.8511356034214338e-09,1.8595018364479741e-09,1.868391847669076e-09,1.877799459408073e-09,1.8877184939882946e-09,1.8981427737330747e-09,1.909066120965744e-09,1.9204823580096357e-09,1.932385307188081e-09,1.9447687908244123e-09,1.957626631241961e-09,1.970952650764059e-09,1.9847406717140388e-09,1.9989845164152316e-09,2.0136780071909704e-09,2.028814966364587e-09,2.044389216259412e-09,2.0603945791987787e-09,2.0768248775060183e-09,2.0936739335044634e-09,2.110935569517446e-09,2.1286036078682964e-09,2.1466718708803487e-09,2.1651341808769342e-09,2.1839843601813843e-09,2.2032162311170314e-09,2.222823616007207e-09,2.2428003371752436e-09,2.2631402169444732e-09,2.283837077638227e-09,2.3048847415798377e-09,2.3262770310926367e-09
4.371241368391697e-09,4.302005617999476e-09,4.234283744934336e-09,4.168067492228146e-09,4.103348602912772e-09,4.040118820020088e-09,3.978369886581959e-09,3.918093545630256e-09,3.859281540196852e-09,3.80192561331361e-09,3.746017508012405e-09,3.6915489673251038e-09,3.638511734283574e-09,3.586897551919688e-09,3.536698163265316e-09,3.4879053113523235e-09,3.4405107392125846e-09,3.3945061898779643e-09,3.3498834063803343e-09,3.306634131751564e-09,3.264750109023523e-09,3.22422308122808e-09,3.1850447913971048e-09,3.1472069825624663e-09,3.1107013977560336e-09,3.0755197800096776e-09,3.0416538723552676e-09,3.009095417824671e-09,2.9778361594497603e-09,2.9478678402624007e-09,2.9191822032944653e-09,2.891770991577822e-09,2.865625948144341e-09,2.8407388160258918e-09,2.817101338254342e-09,2.794705257861562e-09,2.773542317879422e-09,2.753604261339791e-09,2.7348828312745385e-09,2.7173697707155337e-09,2.7010568226946456e-09,2.6859357302437434e-09,2.6719982363946976e-09,2.659236084179377e-09,2.6476410166296524e-09,2.6372047767773897e-09,2.6279191076544625e-09,2.6197757522927376e-09,2.612766453724085e-09,2.6068829549803743e-09,2.6021169990934745e-09,2.5984603290952557e-09,2.5959046880175865e-09,2.594441818892337e-09,2.594063464751377e-09,2.594761368626575e-09,2.5965272735497997e-09,2.5993529225529225e-09,2.6032300586678113e-09,2.6081504249263367e-09,2.6141057643603667e-09,2.621087820001772e-09,2.6290883348824214e-09,2.6380990520341843e-09,2.64811171448893e-09,2.659118065278528e-09,2.6711098474348482e-09,2.68407880398976e-09,2.6980166779751316e-09,2.7129152124228337e-09,2.7287661503647353e-09,2.745561234832706e-09,2.763292208858614e-09,2.781950815474331e-09,2.8015287977117243e-09,2.8220178986026644e-09,2.8434098611790202e-09,2.8656964284726616e-09,2.888869343515458e-09,2.9129203493392783e-09,2.937841188975992e-09,2.963623605457469e-09,2.990259341815579e-09,3.0177401410821906e-09,3.046057746289173e-09,3.0752039004683963e-09,3.1051703466517293e-09,3.1359488278710423e-09,3.1675310871582047e-09,3.1999088675450836e-09,3.2330739120635515e-09,3.2670179637454765e-09,3.301732765622728e-09,3.337210060727176e-09,3.3734415920906892e-09,3.410419102745136e-09,3.4481343357223886e-09,3.4865790340543135e-09,3.5257449407727823e-09,3.5656237989096634e-09
6.550666443579431e-09,6.447432956642577e-09,6.346247451217708e-09,6.24710464621453e-09,6.149999260542747e-09,6.05492601311207e-09,5.961879622832199e-09,5.8708548086128404e-09,5.7818462893637054e-09,5.694848783994495e-09,5.609857011414917e-09,5.526865690534678e-09,5.445869540263481e-09,5.366863279511034e-09,5.289841627187044e-09,5.214799302201214e-09,5.141731023463254e-09,5.070631509882863e-09,5.001495480369754e-09,4.934317653833631e-09,4.8690927491841975e-09,4.805815485331161e-09,4.7444805811842305e-09,4.685082755653105e-09,4.627616727647494e-09,4.572077216077106e-09,4.518458939851643e-09,4.466756617880812e-09,4.416964969074323e-09,4.3690787123418734e-09,4.323092566593176e-09,4.279001250737935e-09,4.236799483685855e-09,4.196481984346644e-09,4.158043471630005e-09,4.121478664445647e-09,4.086782281703274e-09,4.053949042312592e-09,4.022973665183309e-09,3.993850869225129e-09,3.966575373347757e-09,3.9411418964608996e-09,3.917545157474264e-09,3.895779875297555e-09,3.87584076884048e-09,3.857722557012742e-09,3.841419958724049e-09,3.826927692884108e-09,3.814240478402621e-09,3.803353034189298e-09,3.794260079153843e-09,3.786956332205961e-09,3.781436512255359e-09,3.777695338211744e-09,3.775727528984821e-09,3.775527803484295e-09,3.777090880619872e-09,3.78041147930126e-09,3.785484318438161e-09,3.792304116940285e-09,3.8008655937173355e-09,3.811163467679021e-09,3.823192457735044e-09,3.836947282795113e-09,3.852422661768932e-09,3.869613313566207e-09,3.888513957096646e-09,3.9091193112699525e-09,3.931424094995834e-09,3.955423027183995e-09,3.981110826744144e-09,4.008482212585983e-09,4.037531903619222e-09,4.068254618753565e-09,4.100645076898716e-09,4.134697996964384e-09,4.170408097860274e-09,4.207770098496091e-09,4.2467787177815415e-09,4.287428674626331e-09,4.329714687940166e-09,4.373631476632753e-09,4.419173759613796e-09,4.466336255793004e-09,4.515113684080079e-09,4.565500763384729e-09,4.61749221261666e-09,4.671082750685577e-09,4.7262670965011885e-09,4.7830399689731964e-09,4.84139608701131e-09,4.901330169525233e-09,4.962836935424672e-09,5.025911103619333e-09,5.090547393018923e-09,5.1567405225331455e-09,5.224485211071709e-09,5.293776177544317e-09,5.364608140860678e-09,5.436975819930495e-09
9.181454121843443e-09,9.038607318225859e-09,8.898499105190567e-09,8.761124824507624e-09,8.626479817947076e-09,8.494559427278993e-09,8.365358994273413e-09,8.238873860700397e-09,8.115099368330003e-09,7.99403085893228e-09,7.875663674277288e-09,7.759993156135076e-09,7.647014646275697e-09,7.53672348646921e-09,7.429115018485672e-09,7.324184584095131e-09,7.221927525067646e-09,7.122339183173266e-09,7.025414900182051e-09,6.931150017864054e-09,6.839539877989328e-09,6.750579822327928e-09,6.664265192649912e-09,6.580591330725326e-09,6.499553578324232e-09,6.421147277216681e-09,6.345367769172731e-09,6.2722103959624304e-09,6.2016704993558404e-09,6.133743421123008e-09,6.068424503033993e-09,6.00570908685885e-09,5.945592514367631e-09,5.888070127330393e-09,5.833137267517186e-09,5.780789276698068e-09,5.731021496643091e-09,5.683829269122313e-09,5.639207935905788e-09,5.5971528387635665e-09,5.557659319465706e-09,5.520722719782259e-09,5.486338381483281e-09,5.454501646338829e-09,5.425207856118954e-09,5.398452352593709e-09,5.374230477533154e-09,5.3525375727073385e-09,5.333368979886319e-09,5.31672004084015e-09,5.302586097338885e-09,5.290962491152579e-09,5.281844564051286e-09,5.275227657805061e-09,5.271107114183958e-09,5.269478274958034e-09,5.2703364818973375e-09,5.273677076771927e-09,5.2794954013518576e-09,5.287786797407183e-09,5.298546606707955e-09,5.311770171024232e-09,5.327452832126066e-09,5.345589931783512e-09,5.366176811766624e-09,5.3892088138454565e-09,5.414681279790067e-09,5.442589551370504e-09,5.4729289703568265e-09,5.5056948785190874e-09,5.54088261762734e-09,5.578487529451643e-09,5.618504955762045e-09,5.660930238328604e-09,5.705758718921374e-09,5.7529857393104085e-09,5.802606641265763e-09,5.854616766557492e-09,5.909011456955647e-09,5.965786054230287e-09,6.024935900151464e-09,6.086456336489231e-09,6.150342705013646e-09,6.2165903474947616e-09,6.28519460570263e-09,6.3561508214073094e-09,6.429454336378851e-09,6.505100492387312e-09,6.583084631202746e-09,6.663402094595204e-09,6.746048224334747e-09,6.831018362191424e-09,6.918307849935292e-09,7.0079120293364045e-09,7.099826242164817e-09,7.19404583019058e-09,7.290566135183755e-09,7.389382498914389e-09,7.49049026315254e-09,7.593884769668264e-09
1.4556034900578295e-08,1.4333532312615743e-08,1.4115395811203786e-08,1.3901613847183023e-08,1.3692174871394049e-08,1.3487067334677481e-08,1.3286279687873912e-08,1.3089800381823936e-08,1.2897617867368173e-08,1.2709720595347206e-08,1.2526097016601656e-08,1.2346735581972111e-08,1.217162474229917e-08,1.2000752948423446e-08,1.1834108651185541e-08,1.1671680301426044e-08,1.1513456349985573e-08,1.1359425247704716e-08,1.120957544542408e-08,1.106389539398427e-08,1.0922373544225888e-08,1.0784998346989531e-08,1.0651758253115804e-08,1.0522641713445306e-08,1.0397637178818641e-08,1.0276733100076411e-08,1.015991792805922e-08,1.0047180113607665e-08,9.938508107562354e-09,9.833890360763879e-09,9.73331532405285e-09,9.63677144826987e-09,9.544247184255536e-09,9.455730982850454e-09,9.37121129489522e-09,9.29067657123044e-09,9.214115262696713e-09,9.141515820134644e-09,9.072866694384838e-09,9.00815633628789e-09,8.947373196684406e-09,8.890505726414982e-09,8.837542376320229e-09,8.788471597240743e-09,8.743281840017128e-09,8.70196155548998e-09,8.66449919449991e-09,8.630883207887517e-09,8.601102046493398e-09,8.57514416115816e-09,8.552998002722402e-09,8.534652022026728e-09,8.520094669911739e-09,8.509314397218034e-09,8.502299654786222e-09,8.499038893456898e-09,8.499520564070667e-09,8.50373311746813e-09,8.511665004489888e-09,8.523304675976547e-09,8.538640582768702e-09,8.55766117570696e-09,8.580354905631922e-09,8.60671022338419e-09,8.636715579804362e-09,8.670359425733044e-09,8.70763021201084e-09,8.748516389478346e-09,8.793006408976167e-09,8.841088721344906e-09,8.892751777425162e-09,8.947984028057538e-09,9.006773924082636e-09,9.06910991634106e-09,9.134980455673407e-09,9.204373992920281e-09,9.277278978922287e-09,9.353683864520022e-09,9.433577100554091e-09,9.516947137865096e-09,9.603782427293638e-09,9.694071419680318e-09,9.787802565865738e-09,9.884964316690504e-09,9.985545122995209e-09,1.0089533435620465e-08,1.0196917705406865e-08,1.0307686383195017e-08,1.0421827919825523e-08,1.0539330766138975e-08,1.066018337297599e-08,1.0784374191177159e-08,1.0911891671583086e-08,1.1042724265034379e-08,1.117686042237163e-08,1.1314288594435447e-08,1.1454997232066432e-08,1.1598974786105184e-08,1.1746209707392307e-08,1.1896690446768403e-08
1.8168119003861513e-08,1.791005316868519e-08,1.7656746483578765e-08,1.7408196395172927e-08,1.7164400350098354e-08,1.6925355794985762e-08,1.6691060176465825e-08,1.6461510941169246e-08,1.623670553572672e-08,1.601664140676893e-08,1.580131600092659e-08,1.559072676483037e-08,1.5384871145110965e-08,1.5183746588399087e-08,1.498735054132542e-08,1.4795680450520646e-08,1.460873376261548e-08,1.4426507924240592e-08,1.4249000382026688e-08,1.4076208582604461e-08,1.3908129972604603e-08,1.3744761998657807e-08,1.3586102107394769e-08,1.3432147745446173e-08,1.3282896359442721e-08,1.3138345396015105e-08,1.2998492301794017e-08,1.286333452341015e-08,1.2732869507494197e-08,1.2607094700676851e-08,1.2486007549588804e-08,1.2369605500860752e-08,1.225788600112339e-08,1.2150846497007413e-08,1.20484844351435e-08,1.1950797262162357e-08,1.1857782424694674e-08,1.1769437369371146e-08,1.168575954282247e-08,1.1606746391679329e-08,1.153239536257242e-08,1.1462703902132437e-08,1.1397669456990073e-08,1.1337289473776026e-08,1.1281561399120987e-08,1.1230482679655637e-08,1.1184050762010689e-08,1.1142263092816822e-08,1.1105117118704738e-08,1.1072610286305124e-08,1.1044740042248677e-08,1.1021503833166088e-08,1.100289910568805e-08,1.098892330644526e-08,1.0979573882068406e-08,1.0974848279188187e-08,1.0974743944435287e-08,1.0979258324440408e-08,1.098838886583424e-08,1.1002133015247479e-08,1.1020488219310812e-08,1.1043451924654939e-08,1.1071021577910553e-08,1.110319462570834e-08,1.1139968514678999e-08,1.118134069145322e-08,1.1227308602661703e-08,1.127786969493513e-08,1.1333021414904206e-08,1.139276120919962e-08,1.1457086524452062e-08,1.1525994807292228e-08,1.1599483504350808e-08,1.16775500622585e-08,1.1760191927645995e-08,1.1847406547143987e-08,1.1939191367383167e-08,1.2035543834994233e-08,1.2136461396607871e-08,1.2241941498854781e-08,1.2351981588365655e-08,1.2466579111771179e-08,1.2585731515702058e-08,1.2709436246788977e-08,1.283769075166263e-08,1.2970492476953714e-08,1.3107838869292919e-08,1.3249727375310937e-08,1.339615544163847e-08,1.3547120514906194e-08,1.3702620041744821e-08,1.3862651468785034e-08,1.4027212242657529e-08,1.4196299809993e-08,1.4369911617422135e-08,1.4548045111575632e-08,1.4730697739084187e-08,1.4917866946578485e-08,1.5109550180689224e-08,1.53057448880471e-08
1.6805909815225827e-08,1.6576261194841612e-08,1.6350622039382788e-08,1.612899599089596e-08,1.591138669142774e-08,1.569779778302477e-08,1.5488232907733625e-08,1.5282695707600935e-08,1.508118982467332e-08,1.4883718900997379e-08,1.4690286578619739e-08,1.4500896499587006e-08,1.4315552305945784e-08,1.41342576397427e-08,1.395701614302437e-08,1.3783831457837389e-08,1.361470722622839e-08,1.344964709024397e-08,1.328865469193075e-08,1.3131733673335344e-08,1.2978887676504365e-08,1.2830120343484425e-08,1.2685435316322137e-08,1.2544836237064112e-08,1.2408326747756966e-08,1.227591049044731e-08,1.2147591107181762e-08,1.2023372240006929e-08,1.190325753096943e-08,1.1787250622115867e-08,1.1675355155492868e-08,1.1567574773147037e-08,1.1463913117124991e-08,1.1364373829473345e-08,1.1268960552238703e-08,1.1177676927467686e-08,1.10905265972069e-08,1.1007513203502971e-08,1.0928640388402504e-08,1.085391179395211e-08,1.0783331062198405e-08,1.0716901835187998e-08,1.065462775496751e-08,1.0596512463583551e-08,1.0542559603082734e-08,1.0492772815511665e-08,1.0447155742916972e-08,1.0405712027345254e-08,1.0368445310843132e-08,1.0335359235457218e-08,1.0306457443234123e-08,1.0281743576220462e-08,1.0261221276462848e-08,1.0244894186007892e-08,1.0232765946902212e-08,1.0224840201192418e-08,1.0221120590925119e-08,1.0221610758146935e-08,1.0226314344904473e-08,1.0235234993244357e-08,1.0248376345213185e-08,1.0265742042857584e-08,1.028733572822416e-08,1.0313161043359527e-08,1.0343221630310296e-08,1.0377521131123084e-08,1.0416063187844504e-08,1.0458851442521165e-08,1.0505889537199686e-08,1.0557181113926677e-08,1.061272981474875e-08,1.0672539281712522e-08,1.07366131568646e-08,1.0804955082251605e-08,1.0877568699920144e-08,1.095445765191683e-08,1.1035625580288281e-08,1.1121076127081108e-08,1.1210812934341922e-08,1.1304839644117338e-08,1.1403159898453969e-08,1.1505777339398428e-08,1.161269560899733e-08,1.1723918349297286e-08,1.1839449202344908e-08,1.1959291810186812e-08,1.208344981486961e-08,1.2211926858439913e-08,1.2344726582944341e-08,1.2481852630429496e-08,1.2623308642942002e-08,1.2769098262528467e-08,1.2919225131235503e-08,1.3073692891109729e-08,1.3232505184197751e-08,1.3395665652546184e-08,1.3563177938201647e-08,1.3735045683210743e-08,1.3911272529620096e-08,1.409186211947631e-08
2.2693149307880156e-08,2.2406366875190284e-08,2.2124567826999267e-08,2.1847757591098604e-08,2.157594159527979e-08,2.130912526733434e-08,2.104731403505375e-08,2.079051332622952e-08,2.053872856865316e-08,2.0291965190116164e-08,2.0050228618410047e-08,1.9813524281326312e-08,1.9581857606656435e-08,1.9355234022191948e-08,1.913365895572435e-08,1.891713783504512e-08,1.8705676087945798e-08,1.849927914221785e-08,1.82979524256528e-08,1.810170136604215e-08,1.7910531391177398e-08,1.7724447928850047e-08,1.7543456406851603e-08,1.7367562252973563e-08,1.7196770895007432e-08,1.7031087760744718e-08,1.6870518277976915e-08,1.671506787449553e-08,1.656474197809207e-08,1.6419546016558027e-08,1.627948541768491e-08,1.614456560926422e-08,1.601479201908747e-08,1.5890170074946153e-08,1.5770705204631766e-08,1.5656402835935823e-08,1.5547268396649816e-08,1.544330731456526e-08,1.534452501747365e-08,1.5250926933166495e-08,1.5162518489435287e-08,1.5079305114071535e-08,1.5001292234866742e-08,1.4928485279612407e-08,1.4860889676100047e-08,1.4798510852121139e-08,1.4741354235467208e-08,1.4689425253929747e-08,1.4642729335300262e-08,1.4601271907370254e-08,1.4565058397931227e-08,1.453409423477468e-08,1.4508384845692119e-08,1.4487935658475048e-08,1.4472752100914966e-08,1.446283960080338e-08,1.4458203585931785e-08,1.4458849484091691e-08,1.44647827230746e-08,1.4476008730672015e-08,1.4492532934675432e-08,1.4514360762876365e-08,1.4541497643066306e-08,1.4573949003036764e-08,1.4611720270579236e-08,1.465481687348523e-08,1.4703244239546249e-08,1.4757007796553794e-08,1.4816112972299365e-08,1.4880565194574469e-08,1.4950369891170607e-08,1.5025532489879286e-08,1.5106058418491998e-08,1.5191953104800256e-08,1.5283221976595556e-08,1.5379870461669406e-08,1.5481903987813302e-08,1.5589327982818757e-08,1.5702147874477266e-08,1.582036909058033e-08,1.594399705891946e-08,1.6073037207286147e-08,1.6207494963471906e-08,1.6347375755268234e-08,1.649268501046663e-08,1.6643428156858607e-08,1.6799610622235654e-08,1.696123783438928e-08,1.7128315221111e-08,1.7300848210192293e-08,1.747884222942468e-08,1.766230270659966e-08,1.7851235069508726e-08,1.8045644745943397e-08,1.8245537163695163e-08,1.8450917750555525e-08,1.8661791934316e-08,1.8878165142768077e-08,1.9100042803703267e-08,1.9327430344913067e-08
2.6483439772632873e-08,2.61734173341027e-08,2.5868690584952518e-08,2.5569268098926177e-08,2.52751584497675e-08,2.498637021122038e-08,2.4702911957028617e-08,2.4424792260936068e-08,2.4152019696686597e-08,2.3884602838024035e-08,2.362255025869224e-08,2.3365870532435048e-08,2.3114572232996296e-08,2.286866393411985e-08,2.2628154209549554e-08,2.239305163302923e-08,2.2163364778302763e-08,2.193910221911397e-08,2.17202725292067e-08,2.1506884282324814e-08,2.129894605221215e-08,2.109646641261255e-08,2.0899453937269875e-08,2.0707917199927942e-08,2.0521864774330627e-08,2.034130523422176e-08,2.0166247153345196e-08,1.9996699105444776e-08,1.983266966426435e-08,1.9674167403547753e-08,1.9521200897038845e-08,1.9373778718481464e-08,1.9231909441619464e-08,1.909560164019669e-08,1.8964863887956978e-08,1.8839704758644183e-08,1.8720132826002142e-08,1.8606156663774717e-08,1.8497784845705748e-08,1.8395025945539076e-08,1.829788853701855e-08,1.8206381193888012e-08,1.8120512489891316e-08,1.8040290998772303e-08,1.7965725294274825e-08,1.789682395014272e-08,1.783359554011984e-08,1.7776048637950033e-08,1.7724191817377134e-08,1.7678033652145005e-08,1.763758271599748e-08,1.760284758267841e-08,1.7573836825931642e-08,1.755055901950102e-08,1.7533022737130395e-08,1.752123655256361e-08,1.75152090395445e-08,1.751494877181693e-08,1.7520464323124735e-08,1.753176426721177e-08,1.754885717782187e-08,1.757175162869889e-08,1.7600456193586672e-08,1.7634979446229062e-08,1.767532996036991e-08,1.7721516309753056e-08,1.7773547068122356e-08,1.7831430809221642e-08,1.7895176106794777e-08,1.7964791534585593e-08,1.8040285666337943e-08,1.8121667075795676e-08,1.8208944336702627e-08,1.8302126022802657e-08,1.84012207078396e-08,1.850623696555731e-08,1.8617183369699626e-08,1.8734068494010403e-08,1.8856900912233483e-08,1.8985689198112707e-08,1.912044192539193e-08,1.926116766781499e-08,1.9407874999125744e-08,1.956057249306803e-08,1.9719268723385694e-08,1.9883972263822588e-08,2.005469168812255e-08,2.023143557002943e-08,2.0414212483287084e-08,2.0603031001639336e-08,2.079789969883005e-08,2.0998827148603073e-08,2.120582192470224e-08,2.141889260087141e-08,2.1638047750854417e-08,2.186329594839511e-08,2.2094645767237345e-08,2.2332105781124954e-08,2.2575684563801794e-08,2.2825390689011708e-08
2.9474707369035454e-08,2.9153894355373186e-08,2.8838166172977326e-08,2.852754492807561e-08,2.8222052726895802e-08,2.792171167566567e-08,2.7626543880612953e-08,2.7336571447965405e-08,2.7051816483950803e-08,2.6772301094796883e-08,2.6498047386731416e-08,2.622907746598216e-08,2.596541343877684e-08,2.5707077411343238e-08,2.545409148990913e-08,2.5206477780702228e-08,2.4964258389950322e-08,2.4727455423881148e-08,2.4496090988722463e-08,2.4270187190702038e-08,2.404976613604762e-08,2.3834849930986968e-08,2.3625460681747837e-08,2.3421620494557978e-08,2.3223351475645156e-08,2.3030675731237113e-08,2.2843615367561628e-08,2.266219249084643e-08,2.2486429207319303e-08,2.231634762320798e-08,2.2151969844740223e-08,2.19933179781438e-08,2.1840414129646455e-08,2.1693280405475957e-08,2.1551938911860038e-08,2.1416411755026478e-08,2.1286721041203015e-08,2.1162888876617426e-08,2.1044937367497454e-08,2.0932888620070856e-08,2.082676474056539e-08,2.0726587835208802e-08,2.0632380010228864e-08,2.0544163371853324e-08,2.0461960026309947e-08,2.0385792079826464e-08,2.0315681638630667e-08,2.0251650808950286e-08,2.0193721697013085e-08,2.0141916409046824e-08,2.009625705127925e-08,2.0056765729938127e-08,2.0023464551251208e-08,1.9996375621446252e-08,1.9975521046751013e-08,1.9960922933393248e-08,1.9952603387600708e-08,1.9950584515601155e-08,1.9954888423622346e-08,1.9965537217892035e-08,1.9982553004637973e-08,2.0005957890087927e-08,2.003577398046965e-08,2.007202338201089e-08,2.0114728200939407e-08,2.016391054348296e-08,2.0219592515869304e-08,2.028179622432619e-08,2.0350543775081394e-08,2.0425857274362648e-08,2.0507758828397716e-08,2.059627054341436e-08,2.0691414525640327e-08,2.0793212881303385e-08,2.090168771663128e-08,2.1016861137851768e-08,2.113875525119261e-08,2.1267392162881564e-08,2.1402793979146377e-08,2.1544982806214813e-08,2.169398075031463e-08,2.184980991767358e-08,2.2012492414519416e-08,2.21820503470799e-08,2.2358505821582783e-08,2.2541880944255828e-08,2.2732197821326782e-08,2.2929478559023408e-08,2.3133745263573468e-08,2.3345020041204693e-08,2.356332499814487e-08,2.3788682240621738e-08,2.402111387486306e-08,2.4260642007096587e-08,2.450728874355008e-08,2.4761076190451285e-08,2.5022026454027976e-08,2.5290161640507887e-08,2.5565503856118794e-08,2.5848075207088443e-08
2.9646970869720732e-08,2.9320646693474484e-08,2.8999719644868574e-08,2.868420420683664e-08,2.8374114862312326e-08,2.80694660942293e-08,2.7770272385521187e-08,2.7476548219121636e-08,2.7188308077964318e-08,2.6905566444982846e-08,2.66283378031109e-08,2.635663663528211e-08,2.6090477424430118e-08,2.5829874653488576e-08,2.5574842805391155e-08,2.5325396363071465e-08,2.508154980946318e-08,2.4843317627499932e-08,2.461071430011537e-08,2.4383754310243157e-08,2.4162452140816928e-08,2.394682227477033e-08,2.3736879195037016e-08,2.3532637384550622e-08,2.3334111326244806e-08,2.3141315503053215e-08,2.2954264397909493e-08,2.2772972493747286e-08,2.2597454273500255e-08,2.2427724220102023e-08,2.226379681648626e-08,2.2105686545586596e-08,2.195340789033669e-08,2.1806975333670197e-08,2.166640335852074e-08,2.1531706447821988e-08,2.140289908450757e-08,2.1279995751511154e-08,2.1163010931766383e-08,2.105195910820689e-08,2.094685476376633e-08,2.084771238137835e-08,2.0754546443976605e-08,2.066737143449474e-08,2.0586201835866397e-08,2.0511052131025215e-08,2.044193680290486e-08,2.0378870334438973e-08,2.0321867208561196e-08,2.0270941908205185e-08,2.022610891630458e-08,2.0187382715793027e-08,2.0154777789604185e-08,2.012830862067169e-08,2.0107989691929194e-08,2.009383548631035e-08,2.0085860486748787e-08,2.0084079176178173e-08,2.0088506037532143e-08,2.0099155553744355e-08,2.0116042207748442e-08,2.0139180482478064e-08,2.0168584860866865e-08,2.020426982584849e-08,2.0246249860356588e-08,2.0294539447324802e-08,2.0349153069686795e-08,2.041010521037619e-08,2.0477410352326654e-08,2.055108297847183e-08,2.063113757174536e-08,2.0717588615080897e-08,2.0810450591412086e-08,2.0909737983672576e-08,2.101546527479601e-08,2.1127646947716037e-08,2.1246297485366312e-08,2.1371431370680472e-08,2.1503063086592173e-08,2.1641207116035055e-08,2.1785877941942772e-08,2.1937090047248962e-08,2.2094857914887285e-08,2.2259196027791387e-08,2.24301188688949e-08,2.2607640921131486e-08,2.279177666743479e-08,2.2982540590738456e-08,2.317994717397614e-08,2.338401090008147e-08,2.359474625198811e-08,2.381216771262971e-08,2.4036289764939904e-08,2.4267126891852354e-08,2.4504693576300698e-08,2.474900430121858e-08,2.5000073549539662e-08,2.5257915804197574e-08,2.5522545548125976e-08,2.579397726425851e-08
3.983911361577783e-08,3.94557014695826e-08,3.907751819266051e-08,3.8704615388381945e-08,3.833704466011731e-08,3.797485761123702e-08,3.7618105845111423e-08,3.726684096511095e-08,3.692111457460601e-08,3.658097827696697e-08,3.624648367556426e-08,3.591768237376825e-08,3.5594625974949333e-08,3.527736608247792e-08,3.496595429972442e-08,3.46604422300592e-08,3.436088147685269e-08,3.406732364347526e-08,3.377982033329731e-08,3.3498423149689256e-08,3.3223183696021486e-08,3.295415357566439e-08,3.2691384391988373e-08,3.243492774836383e-08,3.2184835248161156e-08,3.194115849475074e-08,3.1703949091502995e-08,3.1473258641788304e-08,3.124913874897709e-08,3.103164101643971e-08,3.082081704754659e-08,3.061671844566813e-08,3.04193968141747e-08,3.0228903756436736e-08,3.00452908758246e-08,2.9868609775708696e-08,2.969891205945943e-08,2.9536249330447197e-08,2.9380673192042402e-08,2.9232235247615423e-08,2.9090987100536675e-08,2.8956980354176533e-08,2.8830266611905422e-08,2.8710897477093725e-08,2.8598924553111842e-08,2.849439944333015e-08,2.8397373751119085e-08,2.830789907984901e-08,2.822602703289034e-08,2.8151809213613462e-08,2.8085297225388785e-08,2.802654267158669e-08,2.7975597155577594e-08,2.7932512280731878e-08,2.789733965041995e-08,2.78701308680122e-08,2.785093753687902e-08,2.7839811260390818e-08,2.7836803641917983e-08,2.7841966284830923e-08,2.785535079250002e-08,2.7877008768295684e-08,2.790699181558831e-08,2.794535153774829e-08,2.7992139538146016e-08,2.8047407420151897e-08,2.8111206787136328e-08,2.81835892424697e-08,2.8264606389522416e-08,2.835430983166487e-08,2.8452751172267457e-08,2.8559982014700584e-08,2.8676053962334637e-08,2.8801018618540013e-08,2.893492758668712e-08,2.9077832470146342e-08,2.9229784872288083e-08,2.939083639648274e-08,2.9561038646100716e-08,2.9740443224512395e-08,2.9929101735088185e-08,3.012706578119847e-08,3.033438696621366e-08,3.0551116893504157e-08,3.077730716644033e-08,3.101300938839261e-08,3.1258275162731374e-08,3.1513156092827025e-08,3.1777703782049966e-08,3.205196983377057e-08,3.2336005851359265e-08,3.262986343818643e-08,3.2933594197622467e-08,3.3247249733037774e-08,3.357088164780275e-08,3.390454154528778e-08,3.424828102886328e-08,3.460215170189962e-08,3.496620516776723e-08,3.534049302983649e-08
